id,comment,rider_review_id,created_at,updated_at
2,Ojiojisan,669,2016/07,2016/07
4,てぃん,676,2016/07,2016/07
11,"現地へ到着後電話をしても現在電話に出られませんのアナウンス。
会えたのは15分後くらいでした。
バーで飲んでいたらしいですが、行き先に自車マークが出ていたらしく到着までに時間が掛かると思ったらしい。",696,2016/07,2016/07
82,かなり酔われてた,885,2016/08,2016/08
100,評価がわからないのか、感謝料0円でしたので星３つで。,959,2016/08,2016/08
188,短い距離ではありましたが、評価ゼロの為…,1244,2016/10,2016/10
218,感謝料が0円でしてので。,1354,2016/11,2016/11
243,話をお掛けしてもスマホをみている感じ。話しかけ辛い感じでした…。,1400,2016/11,2016/11
259,"ドライバー評価ゼロとシートに水をこぼされてたので。
次回以降適切な評価お願いします。",1442,2016/12,2016/12
274,場所の指定がいい加減でした,1485,2016/12,2016/12
275,アプリの使い方を誤ったにせよ、ロングドライブの感謝料ゼロ極めてやる気をなくさせる。,1488,2016/12,2016/12
276,"アプリの不具合？
道玄坂から明大前までの利用のハズが、リクエスト時に行き先がなかったため三鷹辺りまでになっている。
が、感謝料ゼロはモチベーションが下がる。",1489,2016/12,2016/12
289,感謝料がゼロでしたので、次回以降適切な評価をお願いします。,1528,2016/12,2016/12
330,次回は正しい感謝料の評価をお願いします。,1759,2017/01,2017/01
361,あああ,1875,2017/02,2017/02
419,"テスト
",2012,2017/02,2017/02
450,"一度キャンセルされ、数分後にまた呼ばれる。
乗って来ても行き先について何も話さず寝られ、到着し、起こそうとしても起きず40分ほど。
男性ドライバーを呼んで起こしてもらうも、無言で去って行った。",2212,2017/03,2017/03
455,"初めてのユーザーでしたが、卒業式の打ち上げで酔っぱらいでした。評価ををしてもらえないのは、なかなか、厳しいですね！
",2230,2017/03,2017/03
457,"ある程度の評価の均一化は必要かもしれないですね！
",2242,2017/03,2017/03
490,適正な謝礼を今後お願いします。,2429,2017/04,2017/04
501,次回以降は適切な謝礼を御願い致します。,2487,2017/04,2017/04
502,次回以降は適切な謝礼を御願い致します。,2488,2017/04,2017/04
513,"嘔吐
",2523,2017/04,2017/04
514,適正な感謝の気持ちを次回以降はお願いします,2525,2017/04,2017/04
522,初めてのご利用でしたので、感謝料の相場が難しかったと思いますが、次回以降適正な感謝料で御願い致します。,2555,2017/05,2017/05
523,"サービスに対する対価としては謝礼金が安過ぎる。キャンペーンや学割などは行なっていない。
CREWがこういう感覚で利用するライダーさんを許容している点にも問題があることは否めないが、このようなライダーさんをそのままにしておくとドライバーをやる人は減ってゆくと思います。
今後のCREWのことを考えれば、このようなライダーさんに対しては厳しい評価をせざるを得ません。申し訳ありませんが他のドライバーさんにオススメできるライダーさんではありません。",2560,2017/05,2017/05
525,"酔っ払いで、最初から寝てました。
",2564,2017/05,2017/05
526,府中までのライドですが感謝が・・・😓二回目なので下げさせてもらいます,2568,2017/05,2017/05
529,気持ち悪かったので2度と乗せたくない,2576,2017/05,2017/05
531,"スマホを変更して利用
府中までの常連さん",2585,2017/05,2017/05
535,常連さんですが感謝が少ないため、二つにさせていただきます！,2594,2017/05,2017/05
539,途中から寝てしまいました,2616,2017/05,2017/05
544,"申告と違うため、
実際は2名、寄り道があったため
近かったためスルー
",2640,2017/05,2017/05
545,安い常連さん,2641,2017/05,2017/05
547,"初めての方で口コミで利用。　
もう少し感謝と言ったところ！
",2653,2017/05,2017/05
548,常連さんですが感謝の気持ちが少ないため,2654,2017/05,2017/05
549,次回以降、感謝料の設定をお願いします。,2659,2017/05,2017/05
554,"高速を使わずに行って節約した（1180円分）事を考えると、もう少し考慮していただいても。
100円よりは良いですけどね(笑)",2713,2017/05,2017/05
555,距離的に感謝が足りないかも,2730,2017/05,2017/05
574,家に帰るのも寂しいからまたマッチングしましたと言っていて、少し怖かったから,2782,2017/05,2017/05
575,"変に遠回りさせられたから
",2784,2017/05,2017/05
576,"変に遠回りさせられたから
",2785,2017/05,2017/05
585,"151円は少ないです😓
",2812,2017/06,2017/06
586,"ギリギリのリクエストと感謝料が少ないかな・・・😓
",2821,2017/06,2017/06
587,一ヶ所経由。乗車中はぐっすりお休み。タクシーなら8000円超のところ、300円のお礼とは、いかがなものかと。,2823,2017/06,2017/06
588,"いわゆる「100円ギャル」です。
自分的には、この距離なら500円で星5個つけてあげます。",2828,2017/06,2017/06
598,短距離とは言え200はない気がします,2857,2017/06,2017/06
600,常連さんですが感謝料が少ないため下げておきます,2867,2017/06,2017/06
603,"一応、50円／kmのマイルールからすると悪くは無いが、良くも無い。
また、お客さん気分な感じに見受けられました。",2880,2017/06,2017/06
604,"50円／km以下の方は、僕としては減点の刑です。
この手の方は、たいしたお金を払ってないけど、お客さん気分だったりもします。
",2892,2017/06,2017/06
605,"50円／km以下なので減点処分です。
元は100円ライダーの方が、改心して300円ライダーへと生まれ変わりました(笑)　もう少し頑張りましょう。
前回100円で星5つ付けてしまったので、星2つとさせていただきます。本来は星3つ相当です。",2900,2017/06,2017/06
618,目的地設定,2949,2017/06,2017/06
619,"この方は常連さんで家が近いので良いのですが、いつも到着地点が違うこと、人数が申告と違うこと、リクエストがギリギリ、
安心してもらうのはよいが、すぐに寝てしまうなどありました。
学生さんなので仕方ないんだけど・・・",2952,2017/06,2017/06
620,"スタート地点が建物を反対側でしばらく待ちぼうけ。
距離に対して感謝料が少ない気がします",2954,2017/06,2017/06
622,"2度乗せましたが、お礼はナニな割にはお客さん気分だし、開けた窓は閉めないまま降りていくし。。。
次回この方から申し込みが来ても、キャンセルすると思いますので、ここでブロック処分とします。
今後、100円・300円系のライダーは星2などではなく、ブロック処分とします。",2972,2017/06,2017/06
632,"2度乗せてます。
最初は、乗ってからキャンセル。理由はお友達の車に同乗して安く済ませたいから。
そして、今回は西麻布～浦安の20kmを、後部座席で寝ながら移動して、お礼は500円。
長距離ワンコインギャルと命名しよう。
また、この手の方の評価は、一晩経ってホトモリが冷めてから行うのが多いですね。
この距離なら、最低でも1000円付けるのが礼儀ってものです。
誰だ？こんなのに星5なんて付けたヤツは！",3007,2017/06,2017/06
634,行き先変更追加に対して感謝料が少ないな～と思います,3041,2017/06,2017/06
635,行き先変更追加に対して感謝料が少ないな～と思います,3042,2017/06,2017/06
636,鍵を忘れて愚痴を吐いて行かれました。,3043,2017/06,2017/06
639,出発点を正確に！また、飲んだときには感謝料を多めにお願いします！と言いたい,3090,2017/06,2017/06
640,深夜対応では感謝が少ないなと思います,3091,2017/06,2017/06
641,"降車後すぐに評価して来なかったので、もしかしたら、、、と思っていたのが的中しました(笑)　100円アニキでした。
ドライバーとコミュニケーションを取る姿勢は評価しますが、お礼100円は誠意が無いとしか受け取りようがありません。
でも、この方は星4つついていたんですよね。。。？
星の付け方基準を明確化しても良いのでは？とも思います。
悪いが100円はもう乗せたくないので、星1の刑ね。",3094,2017/06,2017/06
642,"昨日と同じ待ちぼうけそして、酔っ払い。
学生だったので感謝料が少ない理由",3099,2017/06,2017/06
645,"寝ちゃうのはしょうがないですけどね…

他の人の時に気を付けてください…",3103,2017/06,2017/06
650,"友人の紹介ということでしたが、
男同伴・・・😓途中で降りましたが、あまり気持ちの良いものではないためクルーの説明をいたしました😓",3110,2017/06,2017/06
651,感謝料が少ないです。,3111,2017/06,2017/06
652,"出ました！100円アニキです。
Azit代表の知り合いと自称してましたが、100円は100円なりの評価をせざるを得ません。
星1個の刑に処します。",3112,2017/07,2017/07
653,"評価の難しい微妙なお礼額です。
自分的なお礼の基準では、4kmまでは100円／km（距離×100円）、それ以降は50円／km（距離×50円＋200円）以上出してもらっていれば星5個付けさせてもらっています。
ドライバーとコミュニケーションを取る姿勢は評価しますが、ちょっと？なお礼額です。
以後乗せたくないとまでは思いませんが、この方の評価を低くする意味で星3とさせていただきます。
なお、Azit 開発担当者の知り合いとの事でした。
次回乗せた時に、この方の意識が変わってないようでしたら、星1の刑に処します。",3113,2017/07,2017/07
658,距離的に感謝料が寂しいです気がしますね！,3140,2017/07,2017/07
659,最低感謝料がきましたよ！,3149,2017/07,2017/07
660,"ちょうど25円／kmを切りましたので、星1の刑に処します。
この方の評価、4以上の数値が付いていたんですよね。。。他のドライバーさん達、寛大ですね～。",3154,2017/07,2017/07
661,"100円ギャルです。
愛想は良かったのですが、心は100円です。
その心持ちに相応しい評価をさせていただきます。",3155,2017/07,2017/07
662,"100円の更に上を行く男が現れました！　ゼロの男です。
多分初めてのライドのようでしたが、乗った時にはお礼の相場を聞くなど殊勝な態度を取りながら、降りたらお礼ゼロとは良い度胸をしている。
ゼロにはゼロをが礼儀のところ、システム上不可なので、星1を授ける。
ありがたく受け取れい。",3156,2017/07,2017/07
663,"コメントを残す為と、
感謝料などが関わる「相互評価システム」をよりわかりやすく説明下のですが、感謝料を見ると低いですね～
学生だということなのですが飲みに行くお金があるなら、ちゃんと、クルーの評価を考えてほしいと願うばかり！
",3157,2017/07,2017/07
668,"短距離のライダーさんの評価は難しいものがあります。
女性2人での乗車にもかかわらず、ドライバーとコミュニケーションを取る姿勢は評価できます。
通常なら星2のお礼額ですが、100円のようなエゴイスト的冷淡さは感じさせませんし、基準額との差も100円200円の差の世界なので、目くじらを立てる気にもなりません。
今後の成長に期待して、星4を付けます。",3181,2017/07,2017/07
669,"ギリギリマッチ、途中にて一名降車、連日のご利用でした。
口コミで広めてもらっているため良いことなのですが、感謝料についての評価は前回より上がったが、今一つ！
",3198,2017/07,2017/07
679,利用してまもなくのかた相互評価について、説明をしないといけないですね～,3231,2017/07,2017/07
680,"先週、利用していただいた方の紹介でのご利用初回の方で相互評価についての説明と感謝料の話を説明したのですが、なかなか渋い感謝料ですね！
",3236,2017/07,2017/07
683,"27.9円／kmで、首の皮一枚で星1の刑は免れました。
システム利用料入れたら2,000円ぐらい払ってるんなら、もう500円ぐらい出して「三方良し」にしなさいな。
タクシーなら8,000円超えるところ、この値段で寝ながら帰れるのはドライバーあってこそと違いますか？
次、同じ事してたら星1の刑ね。今回は執行猶予と言うことで。",3278,2017/07,2017/07
687,"実際の出発地は日の出桟橋。
それはいいにしても、この男の度量に相応なお礼額だのぉ。
あと500円くらい出せんか？
この手のライダーには、システム利用料を割増徴収してくれと思う。
星1の刑の執行猶予を言い渡す。",3294,2017/07,2017/07
688,"評価難しいですね。短距離の少額お礼。
100円200円の差で星5にするか、星3にするか。
まあ、ドライバーとコミュニケーションを取ろうとする姿勢を買って、星4とします。
100円200円の差なら、、、出し惜しみしないでよ。",3304,2017/07,2017/07
699,"ベロベロよってました。
電話して初めて気付く状態。
乗車すると、直ぐに寝てしまいました！😓気を使ってほしいですね～",3350,2017/07,2017/07
703,"13km乗車で38円／kmの決済率。本来なら星2のところ、おまけ×2で星4とします。
ドライバーとコミュニケーションを取ろうとする姿勢は評価します。
2度お乗せしましたが、決してお客さん気分の方ではないので、500円でも乗せてあげてもいいかなと半分思ったりもします。
私、ダマされてますよね(笑)
もう少し頑張りましょう",3389,2017/07,2017/07
704,"感謝料の面で100円台は無いかと思います！
あとはふつうなんですが！",3399,2017/07,2017/07
705,"あれ？　前は同距離で600円付けてくれたんだけどなぁ。。。
まぁ、許容範囲ですけどね。
でも、星5は付けてあげられないけど、また乗ってね。",3400,2017/07,2017/07
706,ギリギリマッチ、お店の支払いのため、待ちぼうけ、行き先変更、人数も変更、学生で感謝料も少ないため、他のドライバーに薦められないです！学生使用の場合、評価基準を変えないと、基本出入り禁止ですね,3401,2017/07,2017/07
707,走行距離を考えると感謝料はある程度ないと、他のドライバーさんに薦められないです！,3402,2017/07,2017/07
708,走行距離を考えると感謝料はある程度ないと、他のドライバーさんに薦められないです！,3403,2017/07,2017/07
710,初心者で仕方ないのですが、クーポンがありながら、感謝料0は悲しい！,3424,2017/07,2017/07
723,"お礼決済率85.7円／km。。。
短距離の評価は難しいですね。
100円多くもらっても、目くそ鼻くその世界ですし。
乗用車中だんまりでしたが、一概に低評価とするべきでは無いですし。
しかし、お迎えに上がっている事もありますので、100円・200円を出し惜しみしないでよ。タクシーより圧倒的に安いんだから。",3492,2017/07,2017/07
727,"お礼決済率35円／km。
本来なら星2ですが、ドライバーとコミュニケーションを取ろうとする姿勢の方なので、おまけ＋1ですね。
でも、あんまり甘い顔し続けて、他ドライバーに迷惑がかかっても良くないとも思い始めました。",3512,2017/08,2017/08
728,高速手前でルートを急遽変更され、迷惑だった。カーシェアとしてのモラルを考えて使用してほしい。,3513,2017/08,2017/08
739,"短距離なんですけどね～、微妙な金額だなあ。
100円貯め込んでも、ビルは建たないよぉ～。
ケチはモテないよぉ～。",3585,2017/08,2017/08
740,20キロ走って、500は悲しい…です,3586,2017/08,2017/08
742,"40km走って感謝料が1000程度…
難しいですね",3596,2017/08,2017/08
745,"ドライバーとのコミュニケーションを拒絶するオーラから、もしやと思いましたが、やはり100円ギャルでした。
このような輩は、男女別なく成敗いたす。",3627,2017/08,2017/08
761,操作に不慣れの可能性あり。,3702,2017/08,2017/08
774,感謝の気持ちまでに時間がかかってしまってたため,3784,2017/08,2017/08
775,"出ました！、100円くんです。
一晩おいて決済する輩は、高確率で100円ライダーが含まれます。
20代前半の男性、学生風で「LAに留学していた」という売り文句でした。
真偽は定かではありませんが、「友人にAudi A8に乗るCREWドライバーが居る」とのことで、ある程度の内部事情を知った上で100円を付けているのかも知れません。（活動費補償の話は出ませんでした）
100円くんは、お客様じゃなくて害虫ですから、それに相応しい評価をさせていただきます。
",3788,2017/08,2017/08
777,"100円ギャルです。
お客様気分です。
もう、乗らないで下さい。",3806,2017/08,2017/08
782,"イマイチなお礼額と、お客様気分。
お礼の100円・200円を節約するより、夜遊びとイマイチなファッションを改めた方が金貯まりますよ～☆
現評価に合わせて、星3ね。",3844,2017/08,2017/08
783,当方のクルマを見つけられなかったことに最初から苛立っており、車内でも露骨に態度が悪い。強烈なストレスを感じた。,3854,2017/08,2017/08
786,"あら？　この前はもうちょっと付けてくれなかった？
「喉元過ぎれば、熱さを忘る」とは、昔の人は良く言ったものです。
時間とは、まさに恐ろしいものです。。。",3861,2017/08,2017/08
797,ドアをガードレールにぶつけられました。,3904,2017/08,2017/08
798,"マッチング時刻　1:53
出発時刻　2:18
到着時刻　2:54
乗車時間　36分
お礼／乗車時間　500円／36分＝13.88
首都高に乗るため10分程度迷走したのを考慮しても19円／分。残念ながらよって星1処分。
第一、設定したスタート地点が六本木交差点でしたが、電話してみると「ミッドタウンに居ます」との事。
指定されたミッドタウン・富士フィルムスクエア前に着いてから連絡して、ようやく現れたのが5分後。
お客様気分の一方で、切る身銭は最小限。
あなた、同伴していた男性から別れ際に数千円受け取っていたでしょ？
女性は怖いと、改めて思いました。",3915,2017/08,2017/08
808,12キロ走って感謝料理200円はないかと思います,3959,2017/08,2017/08
829,"マッチング時刻　22:45
出発時刻　22:55
到着時刻　23:18
乗車時間　23分
お礼／乗車時間　26.08円／分

初めての利用だそうで、厳しいようですが例の基準から星2とさせていただきます。
井の頭線まだありましたから、そちらに乗ってください。",4066,2017/08,2017/08
830,"マッチング時刻　1:02
出発時刻　1:13
到着時刻　1:30
乗車時間　17分（評価上は13分）
お礼／分　42.84円

お迎え時間短縮を優先したため、遠回り＋混雑ルートを通ったため、時間は甘くしました。
＋1分甘くして星5でもいいかな？とも思いましたが、やっぱりこのあたりで。",4068,2017/08,2017/08
848,有難うございました。また宜しくお願いします。,4172,2017/09,2017/09
852,"マッチング時刻　1:02
出発時刻　1:10
到着時刻　1:49
乗車時間　39分
お礼決済率　12.8円／分

車内では電話掛けまくり。
口では「夜遅くに遠くまでごめんなさいね」などと言いますが、あくまでも口だけというのが見え見えです。
タクシーならば１万円はかかる所でしょ？　ならば、もう少し出すか、終電で帰りなさいよ。",4193,2017/09,2017/09
853,"マッチング時刻　0:29
出発時刻　0:44
到着時刻　0:57
乗車時間　13分
お礼決済率　30.7円／分

陽気なお兄さん方なんですけどね。
学生さんですかね？お金が無さそうなのはわかるんですけどね。。。
まぁ、でもお礼付けてくれた方じゃないですかね？　100円ギャルと比べたらの話ですが。",4194,2017/09,2017/09
857,"マッチング時刻　1:56
出発時刻　2:20
到着時刻　3:22
乗車時間　62分（評価上は57分）
お礼決済率　29.8円／分

時間-5分の理由は、最短の世田谷通りで行った場合の予想時間分を考えました（実走は246号～尻手黒川～川崎IC～到着地）

20分待たされました。電話で連絡を取れたのでお待ちはしました。
遅れた理由が「飲み会が終わらなかった」との弁。いや、自分のおしゃべりが長引いたんでしょ。
それはいいとして、車内ではほぼお客さん気分の方。
20分待たされ、1時間運転させられて、家に帰り着いたのが5時過ぎですよ。
先日の東府中24km500円よりはマシですが、タクシーなら1万円ちょっとかかるでしょ？
小銭が惜しいなら夜遊び止めたらいかがですか？
本来ならば星1にするところですが、評価はお礼決済率の他は不問にして星2。寛大な処置と思って下さい。",4221,2017/09,2017/09
858,"マッチした時にすぐ電話がけかってき、急いでる旨をライダーから伝えられる。
急いで乗車地へ向かい、無事乗車。

急いでると伝えられたわりに目的地とは逆の大通り(246)に乗車のピン。
しばらく走るとトイレへ行きたいと言われて、遠回りになるがコンビニに寄り、5分ほど待つ。
渋谷駅の渋滞を避けるために代官山方面に走り時短。なのに関わらず、遠回りしてると指摘される。

急いでると言ってるからこっちは急いで向かって、時間短縮で渋滞もさけてるのに、自分はピンの立てる位置やお手洗いで時間をかけ、言ってることと行動がおかしいので、急いでるなら降りてタクシーを拾ってくれと伝える。
マッチしたんだから最後まで送れと言われたので目的地まで送る。

crewをやっていて、ここまでモラルがなく、腹が立ったライドはこれが初めてです。
星一つ着けさせていただきます！",4228,2017/09,2017/09
862,リピーターの人なのですが、感謝の気持ち以外はお勧めなのですが感謝も気持ち100円、評価基準をやはり示してほしいなと、思います,4255,2017/09,2017/09
864,"永遠の０(笑)
お金ないなら、物乞いしてくれたら100円くらい恵んであげたのに(笑)
自転車にでも乗ってください。",4267,2017/09,2017/09
865,"マッチング時刻　1:20
出発時刻　1:28
到着時刻　1:48
乗車時間　20分（評価上は17分）
お礼決済率　41.17円／分

実走行が、あまり良いルートじゃなかったので、GoogleMap上での到達予測時間を採用。
ドライバーとコミュニケーションを取ろうとする姿勢は評価します。
でも、地獄の沙汰も金次第。
システム維持の為、もう少し恵んで下さい。m(_ _)m",4269,2017/09,2017/09
881,"マッチング時刻　22:27
出発時刻　22:33
到着時刻　22:46
乗車時間　13分（評価上は11分）
お礼決済率　36.36円／分

只乗りチケットのライオン嬢。
行く場所自体が解っていなく、降りるまで時間がかかったので、時間を甘くしました。
アプリ操作は適当。乗車中は電話しっぱなし。行くべきお店についても、自分では何も調べずお友達任せ。
行く末は、行くべき所に転がって行く感じですかね。
ライオン嬢、もう出来たら乗せたくないです。",4340,2017/09,2017/09
885,100円台の感謝の気持ちはないですな…！,4355,2017/09,2017/09
886,"やはり感謝の気持ちが…😓
少ない！",4358,2017/09,2017/09
889,嘔吐をされ、シート、シートベルトなどが汚れてしまった。,4378,2017/09,2017/09
892,二箇所の送迎、難しい。,4393,2017/09,2017/09
895,ピンの立てる位置が適当で、さらに寝ており、感謝の気持ちも少ない！,4436,2017/09,2017/09
896,"100円パイセン
前回乗車時は600円払ってたのに、どうしたんだろうか？
あの時に星2を付けたから、グレてしまったんだろうか？
でも、その心の弱さは結局自分を貶める。
本来は星1のところ、星2にしておいてやろう。

お前の事は覚えておこう。

縁あってまたマッチングしたら、キャンセルを馳走しよう。
",4448,2017/09,2017/09
897,ナビをタッチする位侵入してきて嫌だった。,4451,2017/09,2017/09
908,一人と言って二人きた　違う目的地　態度最悪　,4491,2017/09,2017/09
909,"乗車してすぐに化粧を直すのはお勧めできません！
感謝の気持ちも少ない！",4499,2017/09,2017/09
919,経由地、目的地の相違,4550,2017/09,2017/09
922,0円なら仕方ないですね。,4586,2017/09,2017/09
923,"マッチング時刻　1:18
出発時刻　1:35
到着時刻　2:07
乗車時間　32分
お礼決済率　15.62円／分

銀座の夜のお姉さん風。
銀座にもデフレの波で荒れているのでしょうか？　今時、キャバクラの送りでも2,000円取っていると思います。
こういうエゴイストなライダーさんが、コミュニティを破壊するので、もう乗らないで下さい。",4587,2017/09,2017/09
927,金額ではなく、フィードバックが遅かったです。(翌朝),4646,2017/09,2017/09
930,遅れてすみませんでした。,4663,2017/09,2017/09
936,車での勝手な飲食は良くない。私はタクシー運転手ではないので、,4741,2017/09,2017/09
948,"マッチング時刻　22:30
出発時刻　22:43
到着時刻　22:52
乗車時間　9分
お礼決済率　22.2円／分

子供に駄賃やるのとは訳が違うんだよ。
チャリンコにでも乗ってくれ。
",4821,2017/09,2017/09
952,金額ではなく、フィードバックをもう少し早くしていただけるとドライバー側としては安心感があります。,4835,2017/09,2017/09
953,"乗る礼儀がなってない
人をタクシー運転手扱い
目的地変更乗車人数変更お礼もなし
最低な方でした。もう２度と乗せたくありません",4883,2017/09,2017/09
959,感謝の気持ちが足りないかも、10km走って悲しい！,4928,2017/10,2017/10
971,"何様のつもりだよ。少し違う道を通ったくらいでネチネチ言いやがって。
氏ね👊😠",5005,2017/10,2017/10
980,"3が普通です
",5101,2017/10,2017/10
1016,"距離的に感謝の気持ちが少ないのね！
",5464,2017/10,2017/10
1017,距離的に感謝の気持ちが少ないのね！,5465,2017/10,2017/10
1018,距離的に感謝の気持ちが少ないのね！,5474,2017/10,2017/10
1030,スーツケースをぶつけられてしまった。,5603,2017/10,2017/10
1038,出発地のズレ、コミュニケーションの問題,5640,2017/10,2017/10
1051,"乗車時間　22分
お礼率　45.45円／分

まぁ、基本お客様気分の方ですね。
コミュニケーションを取ろうとする方だったら星5を付けるレベルですが、今後の為に厳しくします。
ドアtoドアで自分専用で行ける乗り物というのは、費用が掛かるものなのです。",5725,2017/10,2017/10
1083,初めてライダーさんを乗せたので、まあ、こんなものかな、って感じです。謝礼が少ないような気もしましたが、可もなく不可もなく、といったところですかね。,5965,2017/10,2017/10
1084,謝礼,5970,2017/10,2017/10
1089,座席に靴底がつく脚の組み方,6033,2017/10,2017/10
1094,いきなり白タクと言われ、気持ち良くドライブができなかった。,6067,2017/11,2017/11
1105,酔っ払いの上、すぐに寝た上、感謝の気持ちが低いため、他の人にはオススメ出来ません！,6161,2017/11,2017/11
1106,酔っ払いの上、すぐに寝た上、感謝の気持ちが低いため、他の人にはオススメ出来ません！,6162,2017/11,2017/11
1114,"一人マッチ対して三人乗車しようとしたし、感謝の気持ち8キロ200円はありえない
初回説明もして上での金額なので、1を付けさせてもらいます",6231,2017/11,2017/11
1115,"ガムのたべかすを捨てる際の配慮には、紙に包むなどの配慮をお願いいたします。
包むものが無かった場合には、ドライバーにお声掛けください。
",6240,2017/11,2017/11
1118,常連さんだが相変わらず、感謝の気持ちが渋い！,6253,2017/11,2017/11
1128,"22km走ってtotal1000円は無いですね～
説明もしているため、改めて低い評価をさせてもらいます！",6343,2017/11,2017/11
1133,長距離の為、感謝の気持ちがアプリ使用料でほとんど持って行かれているので評価が難しいですが、やはり表示で100円と言うことで何らかの形で改善が本部側でも必要かと思います,6377,2017/11,2017/11
1136,"乗り込むなり、無言でスマホ。
終始コミュニケーションは取れず。
初めてご利用の若い女性のライダーさんだから緊張していたのかな？

こちらに、そういう態度を取らせる何か原因が無いか、今一度省みてみます。",6395,2017/11,2017/11
1144,スタートポイントが指定と違う所を指定された。,6455,2017/11,2017/11
1145,"車内で吐かれてしまった。
降車時など酩酊していて大変だった。",6456,2017/11,2017/11
1168,自分で乗らないなら使わないでください,6553,2017/11,2017/11
1169,"ピンの位置が違うし、
次の日に電話してきたし
酔っ払っていて酒臭い
感謝の気持ちは低く
他の人にはお勧めできないですね～",6555,2017/11,2017/11
1178,"到着通知をお送りしてから10分ほど待ち、電話をしたが、現在番号が使われていないため繋がらず、待ちぼうけ。
謝礼の低さ。",6591,2017/11,2017/11
1196,"30km走って3000ぐらいはキツいですな！
少し評価を下げさせてもらいます！
",6661,2017/11,2017/11
1207,"乗車時間　17分
お礼率　　35.29円／分

通常なら星3ですが、名前をちゃんと入れない方には否定的な評価をさせていただきます。
よって、星2つ。
悔い改めるように。",6701,2017/11,2017/11
1212,"乗車時間　7分
お礼率　　42.86円／分

お客様気分の方ですね。
この近さなら、タクシー使ったらどうですか？って感じですね。",6711,2017/11,2017/11
1213,"感謝の気持ちは距離によってプラットフォーム代でがっつり持って行かれているため、少なく見えています！40キロなのでもう少しといったところでしょうか！
",6714,2017/11,2017/11
1230,"あり得ん！
嫌な予感はしていたんだけどね。。。
評価5.0で、ちゃんと漢字で名前を入れていたので乗せてしまいましたが、若い女性と判っていれば断ってましたね。
20代前半の女性。
お友達とおしゃべりは構いません。
お友達が降りた後は、ずっと大声で電話。
完全にお客様気分でしたね。
CREWのリソースに寄生して、リソースを喰い潰す害虫です。
害虫は駆除しましょう。",6830,2017/11,2017/11
1235,"アプリ使用者以外であるのと、説明しようとしたのですが、メールチェックをしたいと言うことで断って降りました！
インストールとキャンペーンを薦めましたが訳ありか？
悪い人ではありませんがあえて2を付けさせてもらいます！",6845,2017/11,2017/11
1237,風邪をひいてるなら使わない方がいいと思います。車内は密室なので。,6850,2017/11,2017/11
1240,"評価が遅い。
",6867,2017/11,2017/11
1247,"ドライブ中にお話ししたように、以前よりもだいぶ辛めの評価となっております。
お人柄を考慮させていただきましたが、ライダーとしての評価が、だいぶ下がってしまったと思います。
今後ご利用される際、チップを支払っていただけるのであれば、ご配慮いただけますと幸いです。",6895,2017/11,2017/11
1263,乞食でした,6997,2017/11,2017/11
1264,"乞食でした
これで完全駆除(笑)",6998,2017/11,2017/11
1267,当方謝礼目的ではありませんが、本日最長距離で最安値だったのが気になったので評価を3に致しました。大人な使い方が増えると良いかなと感じました。,7008,2017/11,2017/11
1281,"二カ所、経由したうえ距離は長くなっているのですが、プラットフォーム代でがっつりもっていかれているので感謝の気持ちが少なく見えています！
もう少しといったところでしょうか！",7075,2017/11,2017/11
1294,車のドアを閉めていただいたのはありがたかったのですが、その際もう少し優しく扱ってほしかったです。それと欲を言えば適度に会話しながらのライドがしたかったです。CREWはタクシーではなく、あくまでもドライブ体験なので。。,7144,2017/11,2017/11
1297,"乗車時間　28分
お礼率　　35.7円

ドライバーとコミュニケーションを取ろうとする態度は評価できますが、お礼額を「適当に操作してしまいました」と言われても、、、ご自身で操作したんですよね？
乗車中から「お礼額とは別で現金でもらうのはどうですか？」等と謎な質問をしたあたり、トリッキーな手段で不当に廉価で乗るのが目的の方と判断しました。
よってお礼率で機械的に評価します。",7148,2017/11,2017/11
1298,"謝礼によっては評価1にするつもりでしたが、謝礼が想像よりも多かったので、1にはしませんでした。
途中乗車した女性の対応が横柄というか、残念です。
車内で飲食する時は一言声をかけるなりするべきです。
ただの運転手になっていました。
たかはし君がかわいそうなので評価3にしますが、もうマッチングはしたくないです。",7153,2017/11,2017/11
1308,"評価が遅い。
何度も利用しているという事ですが、帰宅にもかかわらず、自宅を設定せずに、距離の短い場所を設定して利用している。",7201,2017/11,2017/11
1309,"酔っ払いでビンの立て位置が全然違います！感謝の気持ちも4名乗車した割には少ないので評価は下げさせてもらいます
マーナーは守って欲しいところですね！
",7205,2017/11,2017/11
1310,降車場所が異なった,7207,2017/11,2017/11
1316,"悪い方では有りませんが
説明した上での評価として
感謝の気持ちが少ないため1を
付けさせてもらいます！",7236,2017/11,2017/11
1317,"関係者での評価をお願いしたいところ！
感謝の気持ちが少ないためですね",7238,2017/11,2017/11
1320,距離的に少ないかな～,7261,2017/11,2017/11
1348,"アプリを使い倒すタイプの方で、
前回彼女のスマホで乗った方
一応説明もしたのですが謝礼が低いためお勧め出来ない人ですね～",7394,2017/11,2017/11
1351,"申し訳ありませんが、道交法上、交差点から30m以内は駐停車禁止ということで、一瞬のこととはいえ、そこで停車するのはかなり抵抗がありました。
気さくな方で道案内もしていただき、良いライドではあったのですが、この1点だけお伝えしたく、やむなく★4評価とさせていただきます(★5だとフィードバックできないので…)。
喉をお大事にしてください。",7411,2017/11,2017/11
1355,"乗車時間　30分
お礼率　　16.66円／分

azitさんのお知り合いだそうですが、渡世仁義がなってない餓鬼ですね。
乗せなきゃ良かった。",7422,2017/12,2017/12
1357,"到着してから10分近く待ちました。
連絡しても電話に出なかったです。",7432,2017/12,2017/12
1382,"24分乗って300円？
田園都市線より安くねぇ？
F@ck'n 乞食女、CREW界より出ていけ！",7563,2017/12,2017/12
1389,最後に「ありがとうございました。」はきちんと言わないといけないと思いました。適当な態度ではまた乗せたいと思えませんでした。靴を台の上に乗っけて寝られていたので、台が汚れてしまった。また、起こしても、また寝始めてしまい、到着から時間がかかってしまった。,7607,2017/12,2017/12
1393,常連さんですが感謝の気持ちが相変わらず少ないため、下げさせてもらいます。10kmで500円はさすがにないですね～,7613,2017/12,2017/12
1395,"アプリを使い倒す方・
評価は保留しておきます！",7618,2017/12,2017/12
1399,"常連さんのようなのですが、白タクと同じ料金の場合、
お進めはやはり出来ないため
評価は保留相当の4とさせてもらいます！",7630,2017/12,2017/12
1405,2人乗車から3人乗車に変更になったと事前に連絡があり、降りるところは全員一緒である点を確認したが、乗車してから3人バラバラになった（渋谷駅→神泉駅→初台）。「通り道のはずだからルートを変更する必要はないでしょ？」と言われたが、南青山から初台に行くのに渋谷駅も初台駅も通らないので。。。結局回り道で希望通りのルートを回ったが、システム上の距離は変わらないし、釈然としない。,7660,2017/12,2017/12
1413,待ち時間。行き先の指定が曖昧。,7702,2017/12,2017/12
1419,"お礼率　37円／分
ドライバーとコミュニケーションを取ろうとする姿勢は評価できます。
本来ならば星3のところ、上記を加味して星4とします。
更なる精進をして、優良ライダーの道を歩む事を希望します。",7718,2017/12,2017/12
1420,"お礼率　17円／分
一度キャンセルして逃げようとしたのですが、窓を叩かれ捕まってしまいました(笑)
ブッチ切って逃げるべきでした。
若い女性。乗車中無言。乗降車時の上辺だけの愛想。（平壌レストランの女みたいなw）
しかも降りた後、そこはかとなく漂うサラミ臭。噂のサラミ女か？！
CREW界から退場して下さい。
合掌",7719,2017/12,2017/12
1422,"過去に乗せたことのある人だけど、今日は良くなかったですね～
友人に乗せたときアプリを薦め、誘導したのですが、酔っ払いでしたのでスルー
感謝軒持ちも少ないので下げさせてもらいます",7765,2017/12,2017/12
1423,"ピンの位置は正確に、また、アプリ使用について、お願いはしたんですが、酔っ払いでスルー
ワンメータならご遠慮して頂きたいところですね",7766,2017/12,2017/12
1425,謝礼金が少ない。,7777,2017/12,2017/12
1429,"ワンコインはないですねー
評価少し下げておきます",7806,2017/12,2017/12
1435,須藤さんの知り合いとのことですが感謝の気持ちが少ないので下げさせてもらいます,7838,2017/12,2017/12
1439,行き先の設定を間違えないようにして下さい。,7855,2017/12,2017/12
1442,"乗車時間　35分、お礼率　42.8円／分
まぁ、オナゴは吝嗇家が多い中で、これでも率は良い方と思わなければいけないのでしょうか。
充電器使わせたし、車室内のライトも使わせて、おしゃべりほとんど無し。
機械的にお礼率で評価を付けさせていただきます。",7876,2017/12,2017/12
1443,お連れの方なのですが、初っ端からタメ口で話されるのは気分の良いものではありませんでした…。,7879,2017/12,2017/12
1455,"泥酔
2名乗車
急な行く先変更",7949,2017/12,2017/12
1463,感謝の気持ちが足らないかも,7976,2017/12,2017/12
1471,原価割れ,8018,2017/12,2017/12
1484,操作方法理解不足を幾度か話していらっしゃいました。,8078,2017/12,2017/12
1485,"乗車時間　42分
お礼率　　21.4円／分
本来ならば星1の基準ですが、300円みたいな悪意も感じられないので、今後の精進を期待して星2とします。
頑張って優良ライダーの道を歩む事を希望します。",8080,2017/12,2017/12
1490,"感謝の気持ちが少ないかな～
",8111,2017/12,2017/12
1493,"走行時間　25分
お礼率　　40円／分
タクシーで7,000円かかるところを、車内で寝て帰って1,000円は虫が良すぎるでしょ。
やっぱ、写真無しの5.0の人はスルーした方が無難かもですね。
もう少し出しましょうと言うメッセージを込めて星4です。",8131,2017/12,2017/12
1496,あまり乗せたくないですね！,8169,2017/12,2017/12
1498,謝礼金が100円では次回以降お断りしたいので。,8184,2017/12,2017/12
1499,"ゼロ？
何も言うことなし
",8186,2017/12,2017/12
1504,"常連さんですが、いつも感謝の気持ちが少ないかな～
いつもよっばらい",8223,2017/12,2017/12
1519,"余計な所を走って、余計な時間を使いましたけど、もう少し払ってくれませんかね？
タクシーなら3,000円はかかるところなんですけど。",8288,2017/12,2017/12
1528,地べたに座ってその身乗り込んできました。お詫びの言葉もなく、このようなライダーは排除すべきと思料します,8352,2017/12,2017/12
1531,評価は据え置き,8365,2017/12,2017/12
1532,評価は据え置き,8366,2017/12,2017/12
1543,もう少し拾いやすいところでお願いします。,8426,2017/12,2017/12
1547,説明しましたが渋い感謝の気持ち,8446,2017/12,2017/12
1554,咳込んでいてマスクをしてから乗車してほしかった。インフルエンザが流行っているので予防はしてほしい。,8475,2017/12,2017/12
1557,感謝の気持ちが少ないのと決済が遅いため、オススメは出来そうにはありません！,8496,2017/12,2017/12
1559,"作曲に関してお話し出来る方とマッチングできたのは初めてです。
ダーティーループス 最高でした。

申し上げにくい部分でこの評価とさせて頂きましたが、楽しい時間でした。",8513,2017/12,2017/12
1561,"感謝の気持ちが相変わらず少ないかな～
",8524,2017/12,2017/12
1563,謝礼金が少ない。,8534,2017/12,2017/12
1566,迎えに行ってる途中に何度も電話をかけてこられ、場合によっては道交法違反になるという意識を感じられず、あまりドライバーにとってよくないかたと判断しましたので。,8584,2017/12,2017/12
1567,"乗ってすぐにイビキかきながら寝る。
着いても寝たまま起きない。
シートベルトしない。",8588,2017/12,2017/12
1568,決済が遅れたのと、感謝の気持ちが少し少ないかな～,8594,2017/12,2017/12
1578,操作ミス？,8659,2017/12,2017/12
1585,"決済がスムーズに出来なかったのは、サーバー側の問題であった可能性が高いようです。
ご迷惑をお掛けしてしまい、申し訳ございませんでした。

不躾なお願いで恐縮ではありますが、謝礼をお支払いいただける場合は、アプリ内の「ドライブ事例検索」をご参考の上、金額を決めていただけますと幸いです。

寒い日が続きますので、ご自愛ください。",8693,2017/12,2017/12
1586,"不躾なお願いで恐縮ですが、謝礼をお支払いいただける場合には、アプリ内の「ドライブ事例検索」をご参考に金額を決めていただけますと幸いです。
寒い日が続きますので、ご自愛ください。",8695,2017/12,2017/12
1590,"お連れ様がお酒を飲まれていたせいもあり、途中で女性を車に乗るように声をかけたりされていた。
降車の際もドアヲ開けっ放しで行かれた。",8710,2017/12,2017/12
1591,"学生さんは少しご遠慮かな～
説明はしたため、改めて1の評価",8721,2017/12,2017/12
1593,タバコの匂いが気になった。,8732,2017/12,2017/12
1597,感謝の気持ちが少ないのと話もなかった為,8744,2017/12,2017/12
1616,"評価が遅い
",8883,2017/12,2017/12
1622,挨拶くらいはしてくださると嬉しいです。,8927,2017/12,2017/12
1627,タバコ臭かったです。謝礼金の方も少なかった。,8937,2017/12,2017/12
1628,"前回も同じように待ちぼうけ
決済が遅い方",8943,2017/12,2017/12
1629,感謝の気持ちが少ないと思います！,8974,2017/12,2017/12
1650,"下北沢の駅前は勘弁して欲しいかな～
感謝の気持ちも少ない学生さん
",9126,2017/12,2017/12
1657,"4人社会人と学生さんの混合で
タクシーのな値段の半額設定のため！",9148,2017/12,2017/12
1658,"乗車時間 22分
お礼率 31.81円／分

乗車時間は、大負けに負けています。
実際の乗車時間は30分超えてます。
やっぱり女性は乗せたくありません。
平気で他人の労働を低い価値のものにしてきます。",9155,2017/12,2017/12
1659,"乗車時間 20分
お礼率 30円／分

あんた、渋谷〜奥沢までタクシー乗ったら4,500円くらいするでしょ。
せめて1,200円くらい払えませんか？ 子供に駄賃をやっている訳じゃ無いんですから。
他人の労働を何だと思っているのですか？",9156,2017/12,2017/12
1665,"乗車時間 13分
お礼率 23円／分
心無いですね。",9177,2017/12,2017/12
1670,"1km当たり100円以下の学生さん
説明はしたのであえて下げさせてもらいます！",9197,2017/12,2017/12
1677,"乗車時間 12分
お礼率 33.33円／分

⁇⁇ 10回乗車で星4.8の方なので、優良ライダーのはずなのですが、どうしたんでしょうか？
何かの間違いであれば良いのですが、残念ながら機械的に基準で評価せざるを得ないです。",9234,2018/01,2018/01
1679,1km100以下のため！,9249,2018/01,2018/01
1685,"2名乗車でとても良い方でしたが、お一人の香水の匂いが強いため、匂いが車に残り次に乗る方のことを考えますと対応に困ってしまいます。
申し訳ありません。",9302,2018/01,2018/01
1686,"①登録している写真が男性なのに女性の画像にしている。

②登録している目的地が実際の目的地と異なっていた。

以上のことから金輪際、彼とのマッチングは拒絶したいのでご配慮のほどお願いします。
",9311,2018/01,2018/01
1698,今回２度目のご乗車ですが、こちらの対応が悪かったのか、乗り降り場所が前回とあまり代わりないのに謝礼が減ったため、今後対面し辛くマッチング不可とさせて頂くことでご容赦ください。,9380,2018/01,2018/01
1706,ひどかった。,9440,2018/01,2018/01
1715,帰り道でしたが、都内からの謝礼金額としては不満でした。次のドライバーの事を考えて評価4つに致しました。,9522,2018/01,2018/01
1717,"乗車時間 32分
お礼率 15.6円／分
この方、乗車8回目の評価4.6なのに、どうしちゃったんでしょうか？
でも、私の労働の価値を低いものとした報いは受けて頂きます。
",9533,2018/01,2018/01
1723,"営利目的ではないけど、20kmで謝礼が1,000円安くない？",9579,2018/01,2018/01
1746,感謝の気持ちは少ない人、評価は据え置き,9752,2018/01,2018/01
1750,"1、最初の待合せ住所が不明でナビに出ませんでした。2.酒の匂いが。。。
3.完全に赤字です。。",9789,2018/01,2018/01
1759,話しかけにくかった。,9847,2018/01,2018/01
1761,1km/100円の為,9862,2018/01,2018/01
1762,1km/100円の為,9863,2018/01,2018/01
1767,"乗車時間 24分
お礼率 33.3円／分

どうしてこの人が星5なの？
ちゃんとお礼率で評価しないと、不良ライダーの淘汰が出来ないですね。
信頼できる古参ドライバーから新人ドライバーに指導させる仕組みがあると、事実上運営会社はノータッチでコントロールが出来るので、仕組みだけ作って下さい。",9903,2018/01,2018/01
1774,待ち合わせ場所は、車の止めるとこれでお願いしたい！,9956,2018/01,2018/01
1776,カービィーはいらなかったです。w,9984,2018/01,2018/01
1788,"待ちぼうけの上酔っぱらい！
会話が成立しない女性でした",10092,2018/01,2018/01
1795,"待ちぼうけの上酔っぱらい！
会話が成立しない女性でした",10100,2018/01,2018/01
1802,"1km100円以下のため
",10146,2018/01,2018/01
1811,同乗者がおり、目的地以外を遠回りしたが、、、、、,10196,2018/01,2018/01
1813,"乗車時間 15分（調整▲4分）
お礼率 45.45円／分

やや不利なルートを通った関係で調整▲4分としましたが、大負けに負けています。

そんなんじゃ、タクシー乗らなきゃならなくなるよ。
空気読んでよ。",10209,2018/01,2018/01
1835,決済が遅かったのと、感謝の気持ちが少ないかな～,10389,2018/01,2018/01
1837,なんとか嘔吐は我慢していただいたみたいですが、車内が少し汚れてしまっていました。飲み過ぎ注意です。,10405,2018/01,2018/01
1840,1kmあたり100円の為,10413,2018/01,2018/01
1850,"待ちぼうけの上、下品なキャバクラ嬢
",10470,2018/01,2018/01
1854,"お礼率 40円／分
乗車69回のベテランライダーですが、どうしたのでしょうか？
これまで投資した分を回収するつもりなのでしょうか？
残念です。",10486,2018/01,2018/01
1855,ひどい！,10504,2018/01,2018/01
1864,充分いただいてるのですが、時間が長かったので。。。,10566,2018/01,2018/01
1866,"お礼率 31.5円／分
姫は吝いのぉ。
もう勘弁してくれ",10580,2018/01,2018/01
1867,"決済の遅れ
",10584,2018/01,2018/01
1869,今後も気持ちの良いライドができるよう、感謝の気持ちは車内で伝えて頂ければと思います。,10590,2018/01,2018/01
1871,Geländeは新車で購入は無理かもしれないな。,10596,2018/01,2018/01
1874,"時間を急かされたので。
",10617,2018/02,2018/02
1875,一箇所分ですね。とても残念です。,10627,2018/02,2018/02
1889,"時間外の呼び出しなのにも関わらず、全く感謝の気持ちが伝わって来なかった。最後お礼もしたのに返事が返って来なかったので非常に残念でした。
不快な気持ちしか持てず、次に乗車依頼があったらお断り申し上げたいところです。",10719,2018/02,2018/02
1895,"目的地変更、人数変更
",10759,2018/02,2018/02
1908,"1kmあたり100円の方
待ちぼうけ",10847,2018/02,2018/02
1910,"1km100円の方
知り合いにクルー知り合いが居るとか！",10906,2018/02,2018/02
1912,酔っ払いすぎていて、全然おりてくれなかった,10920,2018/02,2018/02
1919,世間知らずの飲みギャル系,10963,2018/02,2018/02
1920,"お礼率 38.3円／分
「ドライブ、好きなんですか〜？」って探るような問いかけに、嫌な予感をしていたのですが、見事に的中しました（笑）
ここまでならタクシーで15,000円くらいかかりませんか？
大儲けですね。",10976,2018/02,2018/02
1929,翌日中に決済しなかった場合は、倍額になるなど、何らかのペナルティを検討して欲しい。,11033,2018/02,2018/02
1937,"泉岳寺、代々木、三軒茶屋、溝の口をおまぇは500円で行くんだな？
",11078,2018/02,2018/02
1944,"お礼率 18.18円／分
なんでこの人が星4.7なの？",11106,2018/02,2018/02
1956,"1km100円以下の方
タクシーの値段を知らないのか・・・
ひどいな！",11179,2018/02,2018/02
1958,"1人の予定のところ
2人乗せようと仕組んだ
",11188,2018/02,2018/02
1973,携帯だけいじらずにコミュニケーションをとりたかった。,11261,2018/02,2018/02
1975,決済の遅れと感謝の気持ち1km/100円以下のため,11269,2018/02,2018/02
1979,長距離の場合は帰りの高速代やガソリン代程度の謝礼をもらえるとうれしい,11290,2018/02,2018/02
1986,化粧（香水）の匂いがきつい,11347,2018/02,2018/02
2001,香水の臭いがきつい,11462,2018/02,2018/02
2003,"感謝の気持ちだけで
謝礼が少ない",11475,2018/02,2018/02
2006,車内で香水をつけていた,11488,2018/02,2018/02
2009,謝礼が他のライダーよりも低いため,11495,2018/02,2018/02
2011,謝礼ゼロ円はありえないので。,11498,2018/02,2018/02
2012,"全てにおいて、とにかく最悪。
評価0でも構いません。",11499,2018/02,2018/02
2015,費用清算は目的地に到着したその場所で行うことを心がけてほしいです。,11508,2018/02,2018/02
2017,1kmあたり100円以下の人,11519,2018/02,2018/02
2028,決済の遅延,11584,2018/02,2018/02
2029,評価、据え置き,11590,2018/02,2018/02
2037,1km/100円の人,11665,2018/02,2018/02
2038,"会話が下品、食べ物のかすは残しているし20kmタクシー料金なら1万越え1km150円換算でずがしばらくクルー出入り禁止でよいかと思いますな～
稼いでいるなら謝礼も配慮が必要",11683,2018/02,2018/02
2043,二度とのせたくない,11745,2018/02,2018/02
2044,常連さん、評価は据え置き,11755,2018/02,2018/02
2058,謝礼ゼロ,11814,2018/02,2018/02
2078,1kmあたり100の方,11983,2018/02,2018/02
2081,"話しかけるなオーラが凄かった。
楽しいドライブの為のアプリであり、｢ゆっくり寝て帰りたい｣ならタクシーを使うべきで、このアプリと趣旨が違うのでは？",12020,2018/02,2018/02
2089,1km100円以下の須藤さんの知り合い,12064,2018/02,2018/02
2090,"お礼率 30.3円／分
ちょっと、少なくない？",12079,2018/02,2018/02
2096,距離の割に遮蔽が少ないだけです,12121,2018/02,2018/02
2100,評価据え置き,12140,2018/03,2018/03
2101,1km100円の方,12150,2018/03,2018/03
2102,謝礼が残念,12151,2018/03,2018/03
2105,謝礼がひどすぎ,12162,2018/03,2018/03
2108,評価が2日後,12182,2018/03,2018/03
2119,目的地の変更、同乗者の送り、酔っ払い,12269,2018/03,2018/03
2123,評価が遅いです。,12291,2018/03,2018/03
2135,経由地がある場合はまずそちらの場所を目的地設定してください。,12359,2018/03,2018/03
2148,1km120円のため,12434,2018/03,2018/03
2151,キロ100円のリピーター,12473,2018/03,2018/03
2152,他のドライバーさんのためにも、早めの精算をお願いします。,12489,2018/03,2018/03
2155,"初対面同士の方の乗り合いで、システムを把握されていなく、表示金額をもう1人の方に伝えて清算であった為実費清算。
初めての利用でシステムも把握されていなかった為。",12539,2018/03,2018/03
2156,先程記載内容と同じ。,12540,2018/03,2018/03
2160,ちょい少なめ,12579,2018/03,2018/03
2161,謝礼,12613,2018/03,2018/03
2164,評価バックが遅かったのが、残念でした。,12630,2018/03,2018/03
2184,キロ100円以下の方,12763,2018/03,2018/03
2189,相変わらずキロ100円のリピーター,12794,2018/03,2018/03
2190,キロ100円の方,12798,2018/03,2018/03
2191,でいれ禁止だな,12803,2018/03,2018/03
2199,キロ150円のため,12847,2018/03,2018/03
2203,キロ当たり100円の方,12885,2018/03,2018/03
2206,他のドライバーさんのためにも決済ルールは守っていただけると、気持ちよくドライブ出来ると思います。,12916,2018/03,2018/03
2210,キロ当たり150円の方,12973,2018/03,2018/03
2213,キロ50円以下のため,13000,2018/03,2018/03
2215,なかなか繋がりませんでしたので…たまたまだったのかもしれませんが。,13011,2018/03,2018/03
2216,車内温度は調整出来ますので気軽に声を掛けてください。,13013,2018/03,2018/03
2217,"お礼率 35.71円／分
悪貨は悪貨を呼ぶ。
早めに駆逐するべき。",13014,2018/03,2018/03
2222,キロ150円程度なのですが決済が1week後で遅いので！,13029,2018/03,2018/03
2227,キロ当たり100円の方,13063,2018/03,2018/03
2230,態度はとても丁寧でお話しもでき楽しかったのですが、この距離で謝礼なしはさすがにどうかと思います。,13077,2018/03,2018/03
2232,距離に対しての謝礼とドアを叩きつけるように閉めて帰られた点が少し残念でした。お話しは楽しくできよかったです。,13089,2018/03,2018/03
2234,キロ当たり100円以下の方,13104,2018/03,2018/03
2238,目的地住所ではなく、駅前を指定したのはアプリの不具合でしょうか？,13128,2018/03,2018/03
2239,お話しもたくさんしていただき、楽しくドライブすることができましたが、かかった時間を考えると謝礼をもう一声頂けたら尚嬉しかったです...,13133,2018/03,2018/03
2240,キロ当たり100円の方,13140,2018/03,2018/03
2244,キロ当たり100円以下の方,13158,2018/03,2018/03
2246,キロ当たり100円以下の方,13164,2018/03,2018/03
2247,キロ当たり150円の方,13170,2018/03,2018/03
2248,キロ当たり100円以下の方,13178,2018/03,2018/03
2251,キロ当たり130円の方,13201,2018/03,2018/03
2255,キロ当たり150円の方,13221,2018/03,2018/03
2270,キロ当たり100円の方,13309,2018/03,2018/03
2276,キロ当たり100円以下の方,13325,2018/03,2018/03
2284,謝礼が、ゼロ円というのは操作ミスかもしれませんが、ミスにならないように決済時に「謝礼がゼロ円ですが、いいですか？」というアラートを出すようにしてほしいです。今回でゼロ円二人目です。,13352,2018/03,2018/03
2299,キロ当たり120円のリピーター,13421,2018/03,2018/03
2301,到着時に酔っているご友人らしき方が複数名おり、その方も乗車しようとして来ました。不安を覚えました。ライダー様も酔っていらっしゃいました。,13427,2018/03,2018/03
2304,"15km走って400円
恐るべしクーポン女子",13435,2018/03,2018/03
2306,白タクの値段の方,13445,2018/03,2018/03
2318,お気遣いいただき、お疲れのところお話ししてくださってありがとうございます。運転が好きでくるまに,13552,2018/03,2018/03
2327,居眠り,13592,2018/03,2018/03
2330,慶応学生はダメダメ,13603,2018/03,2018/03
2339,1名のリクエストで向かったところ、2名の乗車をされたので今後のマッチングは希望しません。,13652,2018/03,2018/03
2340,"ピンの位置が違う
キロ当たり150円以下の方",13663,2018/03,2018/03
2342,100円とは、、、,13689,2018/03,2018/03
2344,100円て、、、すみませんが評価★にしました！！,13696,2018/03,2018/03
2348,フィードバックが遅い,13712,2018/03,2018/03
2355,キロ当たり150円の方,13777,2018/03,2018/03
2357,キロ当たり100円の方,13792,2018/03,2018/03
2369,評価が遅すぎます。,13877,2018/03,2018/03
2370,"キロ当たり150円の方
マックの匂い",13883,2018/03,2018/03
2376,支払い遅れ,13907,2018/03,2018/03
2389,"キロ当たり100円以下の方
",14009,2018/03,2018/03
2401,150円以下の方,14066,2018/04,2018/04
2402,キロ当たり190円以下,14073,2018/04,2018/04
2403,正直なところ....ちょっとショックでした💦,14075,2018/04,2018/04
2410,車内で当たり前の様にペットボトルで水を飲むのはマナー違反。シートクリーニング代、払えるのだろうか？,14139,2018/04,2018/04
2422,泥酔,14201,2018/04,2018/04
2426,キロ当たり150円以下の方,14220,2018/04,2018/04
2427,"キロ当たり100円以下の方
決済遅れ",14221,2018/04,2018/04
2430,キロ当たり100円の方,14227,2018/04,2018/04
2433,キロ当たり100円の方,14237,2018/04,2018/04
2434,評価を送る前に車を降りてしまわれ、相互評価に時間がかかったため。,14245,2018/04,2018/04
2441,タクシーのご使用をお薦めします,14274,2018/04,2018/04
2463,キロ当たり100円の方,14387,2018/04,2018/04
2465,タクシーを使って下さい,14403,2018/04,2018/04
2468,キロ当たり150円の方,14428,2018/04,2018/04
2471,謝礼0はありえない！,14441,2018/04,2018/04
2472,やもえず中野区へ寄り道があだたとはいえ、ちゃんと評価しないと！,14442,2018/04,2018/04
2473,"キロ当たり100円の方
クーポン女子",14447,2018/04,2018/04
2483,出禁,14491,2018/04,2018/04
2493,フィードバックまで時間が掛かり過ぎたにも関わらず、感謝の気持ちがもう少し欲しかった。,14559,2018/04,2018/04
2498,300件近くのお客さまのなかで決済に最長期間を要したケースの１つ。運営を含め管理コストが発生しているのでは？,14589,2018/04,2018/04
2499,キロ当たり100円以下のリピーターさん,14592,2018/04,2018/04
2501,キロ当たり150円以下の方,14615,2018/04,2018/04
2508,決済、評価は速やかにお願いします。,14679,2018/04,2018/04
2512,男性のライダーさんが泥酔されていたため。,14695,2018/04,2018/04
2518,謝礼が100円と低いため,14716,2018/04,2018/04
2519,ありがとうございました😊,14725,2018/04,2018/04
2527,また宜しくお願い致します。,14768,2018/04,2018/04
2528,また宜しくお願い致します。,14770,2018/04,2018/04
2531,"後ろからつつかれたり、断りなしに窓を開けられたり
そして敬語ではない。
それでいて此方には逐一言葉遣いを求めるのあ",14791,2018/04,2018/04
2538,また宜しくお願い致します。,14831,2018/04,2018/04
2542,また宜しくお願い致します。,14872,2018/04,2018/04
2551,キロ当たり150円以下の方,14964,2018/04,2018/04
2560,感謝料…,15021,2018/04,2018/04
2569,キロ当たり100円の方,15071,2018/04,2018/04
2579,謝礼0円の為,15117,2018/04,2018/04
2581,キロ当たり100円以下の方,15125,2018/04,2018/04
2582,"キロ当たり100円以下の方
",15128,2018/04,2018/04
2587,タクシーより速く走ったのでもうちょっと欲しかったです,15155,2018/04,2018/04
2590,キロ当たり100円以下の方,15213,2018/04,2018/04
2596,まわり道、途中停車を指示された。,15253,2018/04,2018/04
2601,"待ち合わせ場所に来るのが遅い。
支払いが遅い。",15265,2018/04,2018/04
2606,"永福に寄り道して、表示以上の走行、
キロ当たり100円以下の為
",15336,2018/04,2018/04
2644,乗車の2ヶ月後の評価って。。,15579,2018/05,2018/05
2648,ライン電話がうるさかった,15615,2018/05,2018/05
2653,"2名乗車で目的地に着いた際、1名を降ろして急に埼玉に行って欲しいと言われました。
丁重にお断りして、2人降車されました。
ちょっと戸惑ったので、星4つで評価します。",15655,2018/05,2018/05
2655,"酔いすぎ、到着地不明、ピック時まちぼうけガードレールにもたれ寝てた？、
評価遅い、",15686,2018/05,2018/05
2656,泥酔、車内でゲロを吐かれそうになった,15688,2018/05,2018/05
2657,評価が遅すぎます,15693,2018/05,2018/05
2663,すぐに評価して貰える様に頼んだが評価が遅かった。,15736,2018/05,2018/05
2667,"かなり酔われていました。
待ち合わせ場所の設定間違い",15765,2018/05,2018/05
2670,酔っ払ってしまってて、入力する住所が間違ってしまっていたのと、飲みすぎてビニール袋の中だが車内で吐いてしまった。,15802,2018/05,2018/05
2678,決済1日遅れて,15873,2018/05,2018/05
2680,"酔っていらっしゃったので、目的地変更などコミュニケーション取るのに苦慮いたしました。
タクシーでは無いので、あくまでこちらが一方的に親切にしなければいけない乗り方は控えていただければ幸いです",15881,2018/05,2018/05
2683,決済まで１ヶ月半かかりました。,15890,2018/05,2018/05
2698,お連れの方からのお支払いありませんでしたので、申し訳ありませんがお話頂いた事と違いましたので評価下げさせて頂きました。,16131,2018/05,2018/05
2707,決済は早めにお願いします。,16231,2018/05,2018/05
2715,態度が横柄に思われ、次回からはお断りしたいため,16459,2018/05,2018/05
2718,"事故が起きた場合など、適切な管理のため、乗車する方のアカウントをお使い下さい。
",16475,2018/05,2018/05
2725,時間差,16543,2018/05,2018/05
2729,車内で相互評価を何度か依頼させて頂いたが、評価しましたと言われたが、評価されていなかった為,16582,2018/05,2018/05
2733,乗せた後の遠距離要求,16688,2018/05,2018/05
2748,シートベルトの着用をお願いしております,16857,2018/05,2018/05
2757,電話が通じなかった。,16968,2018/05,2018/05
2762,"お急ぎでしたらタクシーの使用をお勧めします。
ぶつぶつうるさいかったです。",17055,2018/05,2018/05
2770,お礼がない,17162,2018/06,2018/06
2792,評価遅延,17398,2018/06,2018/06
2797,評価遅延,17450,2018/06,2018/06
2811,"事実を列挙いたします。ご不明な点があれば、ご照会いただきますようお願いいたします。
●目的地は到着後、40分以上度重なる当方、crew運営、警察官の呼びかけに覚醒せず座席に居座った。
●大音量の音楽、緊急地震速報の音声、受電等にも反応しなかった
●25分を経過後に110番通報して、警察官4名がいらした。当方ができなかった身体への接触を行なって抱きかかえて社外に出した。歩行可能であったが、クルマのすぐ横の路上で警察官の制止の言葉に反応せず、放尿した。
●警察官の呼びかけに対して、会話をしていた様子はない。無言で帰寮した。
●東京海上日動溝ノ口寮にはこの間2名の人の出入りがあったが、こちらの様子には関心を示した人はいなかった。当方は豊田さんが睡眠中は同寮の居住者か確信がなかったので、寮とその関係者にはコンタクトしなかった。
●豊田さんの目的地に到着した2:30以降、通常であれば、金曜深夜繁忙期により、少なくとも当日あと1回は別のお客様にサービスを提供できたと考えられるが、車内居座りにより不能となった。",17604,2018/06,2018/06
2826,新システム前の評価の切り上げで評価してます。,17868,2018/06,2018/06
2832,"同乗された女性の後部座席でキスをし始め、体を弄り始めた。
注意はしませんでしたが、乗せていて気持ちいいものではありません。",17921,2018/06,2018/06
2835,酒くさい上に会話もなく、ただタクシーの様に使い捨てされたため。,17993,2018/06,2018/06
2837,酒くさくて嫌だった。,18003,2018/06,2018/06
2840,"夜のお仕事をされてる様なので道を分からない振りをして案内して貰いました。
問題は目的地に着いてから目的地とは違う家の前まで案内させられたことです。
小雨もパラつく中だったので、少しくらいなら問題はありませんが、問題なのは、最後家の前付近のめちゃくちゃ狭いとこまで車を走らせたことはドライバーのことを考えてないんだなと思いました。",18031,2018/06,2018/06
2843,決済遅れ,18072,2018/06,2018/06
2847,待機長い、評価遅い,18127,2018/06,2018/06
2850,"すみませんが、評価は24時間以内にお願い致します。
※本来は社内で実施です。(^_^)",18157,2018/06,2018/06
2859,アプリが落ちたそうです,18298,2018/06,2018/06
2867,今回は基本的マナー・ルールを守っていただけなかった。良い方だとは思うので、次回は是非モラルを重んじていただきたい。,18537,2018/06,2018/06
2872,決済しないで車から降りないでほしい,18618,2018/06,2018/06
2876,"会計を済ませてから、呼んで欲しい。
友人が酔っ払って飲み食いし始めるは、その友人の寄り道が当初の説明より結構長かったため",18655,2018/06,2018/06
2879,マッチした時間と距離を考慮したご対応をお願い致します。,18715,2018/06,2018/06
2880,若干の目的地変更,18719,2018/06,2018/06
2899,"アカウント再登録の経緯が不明でした。
",18901,2018/06,2018/06
2902,立ち寄りがある場合は、発車する前に知らせてほしい。,18910,2018/06,2018/06
2903,決済は当日中にお願いいたします。,18911,2018/06,2018/06
2906,"アカウント名変更。旧名と同一アカウントとマッチング時に判断困難であること、
",18990,2018/06,2018/06
2909,次はもう少し良いを覚ましてからお願いします。,19016,2018/06,2018/06
2910,呼び出しポイントに気を使って頂けると助かります。,19028,2018/06,2018/06
2932,お仕事の話ばかりでなく、もう少しドライブを楽しんでいただきたかったです。,19195,2018/07,2018/07
2936,タバコの匂いがひどかった！,19250,2018/07,2018/07
2937,前回乗車頂いた時に、謝礼が少なかったので。,19264,2018/07,2018/07
2941,利用された時間が7/3で評価が届いたのが7/5になったため。,19314,2018/07,2018/07
2951,クルーはライドシェアサービスです。格安交通機関ではありません。,19545,2018/07,2018/07
2955,本人以外が利用でシートベルト確認がなかなかされなかった為,19665,2018/07,2018/07
2958,勝手に靴を脱ぎ横になって電話しはじめた。不愉快。,19696,2018/07,2018/07
2961,お疲れだったのと推察いたします。,19722,2018/07,2018/07
2971,謝礼がやや少なめ,19874,2018/07,2018/07
2978,"目的地の具体的な住所、または施設名を乗車前のリクエストで指示して頂けたら迷いなくドライブが出来たと思います。
「CREWライダーさんには車の中での評価をお願いしてます」というのがアプリを使う際のルールだと思うので降車後であっても速やかに評価して頂けるとCREWパートナーも安心します。",19974,2018/07,2018/07
2980,評価まで一週間かかったため,19982,2018/07,2018/07
2985,"後部席から助手席シートヘッドレストに足を乗せるという行儀の悪さ。
そんな事を私は自分の車にすらしたことないです。
運転している私の顔の横に足があって正直なところ気分が悪かった。
彼女さんが「足をおろして」と何度も言って足を下ろさせていたので彼女さんに免じて星1のところ3で評価致しました。
彼女さんは気遣いのできるきちんとした方だっただけに残念ですが...すみません。",20102,2018/07,2018/07
2986,降車時にアプリ操作をお願いしたが、家に帰ってからすると威圧的に言われました。,20103,2018/07,2018/07
2990,目的地到着後の態度が気に入らない,20146,2018/07,2018/07
2991,清算が遅かった,20158,2018/07,2018/07
2992,ルート指定ありで道案内は問題なかったですが、最後の目的地付近ですごく狭い道路だったので、申し訳ないですが低い評価をつけさせていただきました。,20160,2018/07,2018/07
2995,"4人乗車登録であったが、５名乗車。
乗車後、途中、経由して欲しいと言われ当初お断りしたが、乗せた後であった為対応した。会話したのは、ライダーではなく、紹介者の方。",20207,2018/07,2018/07
3005,大きな荷物を搬送させられた。,20437,2018/07,2018/07
3006,決済が39時間後になりました。,20442,2018/07,2018/07
3013,決済は速やかにおねがいします！,20568,2018/07,2018/07
3037,"立ち寄りがある場合はマッチ直後に連絡してくれるとありがたい。
荷物をトランクに入れてもらったなら、ありがとうくらい言いましょう。",20866,2018/07,2018/07
3040,"電話連絡がつかない。
ピンの設定位置等",20917,2018/07,2018/07
3048,代理リクエストはダメです。,21000,2018/07,2018/07
3059,"乗車場所が指定された場所と違う。
電話が繋がらない等",21161,2018/08,2018/08
3066,アカウント変えての利用者の為,21272,2018/08,2018/08
3081,タバコ臭かった,21444,2018/08,2018/08
3087,ウォレットチェーンつけて乗ったから革シートが傷付いた,21518,2018/08,2018/08
3099,シートベルト未装着,21705,2018/08,2018/08
3100,"シートベルト未装着
車内での飲食",21706,2018/08,2018/08
3108,ずっとスマートフォンを使用しており、車内でのコミュニケーションがありませんでした,21884,2018/08,2018/08
3109,"同乗者の方が飲み物持ち込み（スタバ？のアイスコーヒーのようなもの）
同乗者の方だと思われますが、お酒（アルコール）の匂いが少し強く気になりました。
車内でのコミュニケーションもありませんでした。
",21885,2018/08,2018/08
3114,"シートベルト未装着。
乗車してすぐに眠られ、目的地に到着して起こすまで起きず。
アルコール臭も少し強めに感じました。",21936,2018/08,2018/08
3115,当日、感謝の気持ちがなかった,21943,2018/08,2018/08
3118,乗車場所指定誤り。20分の出発待機。予約以上の人数が無断で乗り込み、当方の財布を尻にしく。降車時ドアを蹴って開けた。,22002,2018/08,2018/08
3119,ありがとう,22025,2018/08,2018/08
3122,"シートベルト未装着。
出発地に到着した際の挨拶などが無く、乗車中もコミュニケーション無し。",22078,2018/08,2018/08
3123,シートベルト未装着,22079,2018/08,2018/08
3124,シートベルト未着用,22080,2018/08,2018/08
3125,シートベルト未装着,22081,2018/08,2018/08
3129,目的地設定が曖昧,22149,2018/08,2018/08
3130,シートベルト未装着,22164,2018/08,2018/08
3131,乗車中ずっとスマートフォンを使用されていました。会話無しでコミュニケーションをとる気が無さそうに感じました。,22165,2018/08,2018/08
3132,"シートベルト未装着
決済の遅れ",22180,2018/08,2018/08
3133,"ギャラ飲みの方だと思われますが、出発地に到着、乗車後に目的地変更の申し出がありました。横柄な態度とまでは感じませんでしたが、少し気になりました。
乗車中に特にコミュニケーションも無く、化粧直しをしていたのも気になりました。",22181,2018/08,2018/08
3136,決済の遅れ,22232,2018/08,2018/08
3148,"挨拶無し。
乗車中スマートフォン、パソコンを使用され、通話が始まり目的地に到着するまで継続。コミュニケーション無し。",22329,2018/08,2018/08
3149,"挨拶無し。
コミュニケーション無し。",22330,2018/08,2018/08
3150,"シートベルト未装着
出発地として指定された場所が、銀座8丁目のタクシーが客待ちしてる停めにくい場所。",22331,2018/08,2018/08
3153,テストです,22454,2018/08,2018/08
3154,家までの道のりが狭ますぎて、難しい旨、伝えたのですが、聞き入れてもらえず、どうにか大丈夫でしたが、次回は遠慮させて頂きたい為。,22458,2018/08,2018/08
3155,シートベルト未装着,22459,2018/08,2018/08
3156,"シートベルト未装着
はじめの挨拶無し",22460,2018/08,2018/08
3165,シートベルト未装着,22629,2018/08,2018/08
3166,シートベルト未装着,22630,2018/08,2018/08
3172,遅い感謝の気持ち‼️,22734,2018/08,2018/08
3176,お祭り中だったので乗車地に車が入れず、合流するまで時間がかかった。乗車地の指定に配慮が欲しかった。,22780,2018/08,2018/08
3178,すみません、ピンの位置と異なる可能性がある場合には先にお伝えいただけるととても助かります。,22785,2018/08,2018/08
3188,"停めにくい場所に出発地を設定
シートベルト未装着",22890,2018/08,2018/08
3194,シートベルト未装着,22946,2018/08,2018/08
3196,決済は早めにお願いします。,22984,2018/08,2018/08
3198,移動中にはできるだけ寛いでいただくことは当方の喜びです。シートベルトが機能する姿勢は保たれるよう、お願いいたします。,23027,2018/08,2018/08
3199,シートベルト未装着,23028,2018/08,2018/08
3201,"シートベルト未装着
鞄を背負ったまま乗車（シートなどの破損につながる可能性があり）",23033,2018/08,2018/08
3202,シートベルト未装着,23035,2018/08,2018/08
3204,前回謝礼が少なかった,23074,2018/08,2018/08
3205,"はじめの挨拶無し。
シートベルト未装着。",23105,2018/08,2018/08
3208,"出発地に着いてしばらくしていらっしゃったのですが、見送りかなにかで一度いなくなってしまい戻ってきた時には、もう一人同乗の方がいらっしゃいました。(リクエスト時は1人となっていました)
案の定、それぞれ違う目的地だったのでそれぞれ目的地設定しないと行けない旨をお伝えしご納得いただきましたが次回からは利用ルールの確認をお願いします。
(システム上、けいゆち",23110,2018/08,2018/08
3209,決済が遅い,23115,2018/08,2018/08
3211,翌日中を目処にしていただけると助かります。,23162,2018/08,2018/08
3214,"シートベルト未装着。
はじめの挨拶無し。
乗車中に経由地の指定。",23208,2018/09,2018/09
3215,シートベルト未装着,23209,2018/09,2018/09
3216,評価が遅いです。,23211,2018/09,2018/09
3219,本人以外の乗車,23271,2018/09,2018/09
3226,ありがとうございま,23443,2018/09,2018/09
3229,二回の為,23484,2018/09,2018/09
3230,"同乗者に常識が無かったですね(^^;;
ありがとうございました。",23512,2018/09,2018/09
3233,シートベルト未装着,23519,2018/09,2018/09
3235,シートベルトを装着しアプリで応答後、走行中にシートベルトを外されました。警告音が鳴るも、そのままにしていました。,23593,2018/09,2018/09
3236,"同乗の女性が足元がおぼつかない状態で、確認するも大丈夫との回答。しかし、不安は残る状態。
乗車後に環七沿いで一人降りたいとの申し出があり。環七は通らない旨を回答したら、経由しなくても良いと承諾していただく。
ドライブの半分は、乗車してる3名全員が居眠りしている状態。",23594,2018/09,2018/09
3238,"出発地のピンが停車しにくい場所。
携帯で何度か通話（特に断りなど無し）。",23672,2018/09,2018/09
3239,"出発地のピンが停車しにくい場所。アルコール飲料(缶)を持って乗車。マッチング成立後に購入し飲みながら待っていたとの事。お酒を飲みながら乗るつもりだった模様。
同乗者を先に乗せてから経由地の申し出があり。経由地(経堂駅)が目的までのルートからだいぶ離れるが、渋々承諾しました。
シートベルト確認の応答をお願いした際にアプリを起動しておらず、アプリを起動するもなかなか起動せず。スマートフォンの電源off/onをしてアプリがやっと起動。
今回の問題点については、ドライブ中に説明をして理解をしていただけたと思いますので、評価2とさせていただきますが、もう少し考えてから通報するかもしれません。",23673,2018/09,2018/09
3248,ヘッドフォン使用、コミュニケーション取れず,23797,2018/09,2018/09
3249,シートベルト未装着,23805,2018/09,2018/09
3250,"シートベルト未装着。
",23806,2018/09,2018/09
3254,"出発地のピン（神南郵便局近辺）が、ライダーの居る場所（道玄坂）からだいぶ離れた場所でした。
出発地に到着後、ライダーから連絡があり、109近辺で乗車出来ないかという事でしたが、確実かつスムーズに会えるかわからないので、お断りしました。
ライダーが歩いてピンの場所へ移動しますと言う事で、10分ほど待って何とか会うことができました。
出発地の件についてお詫びの言葉がありましたが、信号待ち中にシートベルトを外されました。私にはバレていないと思われたのか、そのままの状態でした。
先程のお詫びの言葉もこのような事をされると、ただ謝っておけば良いと思われているのかも？と思わざるをえないです。",23932,2018/09,2018/09
3255,ありがとうございます。次回からは翌日中に評価を完了していただけると助かります。,23935,2018/09,2018/09
3262,"シートベルト未装着。
出発地の位置、急な乗車人数の変更（事前の連絡や乗車前の申し出てなど無し）といったドライバーへの配慮が全く感じられず。
経由地も近くだから行って当然といった感じでした。",24110,2018/09,2018/09
3267,走行中にシートベルトを外されました,24290,2018/09,2018/09
3269,決済遅れ,24306,2018/09,2018/09
3274,"出発地が停めにくい場所
シートベルト未装着",24407,2018/09,2018/09
3275,乗車中は後部座席で足を投げ出して寝ていた。評価も半日経ってから。ライダーとしてのマナー意識が足りないと思う。,24408,2018/09,2018/09
3276,評価が遅すぎてパートナー側としては次も乗せたいとは思えません。,24410,2018/09,2018/09
3282,出発地点の指定ミスに加えて、互助の気持ちに欠ける,24670,2018/09,2018/09
3283,シートベルト未装着,24672,2018/09,2018/09
3284,"シートベルト未装着
出発地に向かう途中で、「タクシーを捕まえられたので、キャンセルでお願いします」のメッセージがあり。
キャンセル方法をお知らせしたら、「やっぱりお願いしたい」との返信があり。
捕まえたタクシーはどうされたのか？。そもそもcrewでマッチング後にタクシーを拾うのは、駄目だと思います。
キャンセル料を払いたくないから、キャンセルしないでそのまま利用した、という可能性がある？。",24673,2018/09,2018/09
3286,"シートベルト未装着。
乗車して出発するまでにだいぶ待ち時間があり（ギャラ飲みの案件に行くかどうか判断待ち）。",24686,2018/09,2018/09
3287,精算が遅れたため…,24694,2018/09,2018/09
3288,評価をお願いしたが降りて行ったため,24727,2018/09,2018/09
3292,リクエストの乗車人数が異なりましたので、このように評価させていただきました。,24782,2018/09,2018/09
3297,"経由依頼があったので、一度再マッチを依頼したところ、
アプリ使用者は途中下車することに、送り届ける人は二名は目的地から、7km離れて下車しました。使用方法に問題あり。評価も下げられたため、退場して貰います。",24904,2018/09,2018/09
3298,"乗車された2人は酔っており、車が揺れるほどの身振りでお話しされていた。タクシーでは許されると思うが、CREWは相乗りアプリであり、相互評価のシステムがあるということを認識して欲しいと感じた。

また、目的地への道中、1人が降りたいとの要望があったので停車した直後、ライダーさんが目的地として指定された駅とは全く異なる場所を希望された。酔われていることもあり、指摘などはしなかったが、目的地は正確にリクエストしてほしいと思った。",24911,2018/09,2018/09
3302,シートベルト未装着,25011,2018/09,2018/09
3306,シートベルト未装着,25140,2018/09,2018/09
3311,"車内決済してくれなかった。
",25276,2018/09,2018/09
3312,シートベルト未装着,25286,2018/09,2018/09
3313,"乗車人数の変更。
シートベルト未装着。",25287,2018/09,2018/09
3315,"車内決済をしてくれなかった。
いつも写真決済しないらしい。",25292,2018/09,2018/09
3316,車内ではもう少し静かにお願いします,25336,2018/09,2018/09
3317,酩酊状態のようで何回も電話をいただきました。またピックアップの場所もあやふやでお迎えに時間がかかりました。,25337,2018/09,2018/09
3318,支払い時間,25345,2018/09,2018/09
3321,"目的地に移動中にシートベルトを外された。
その他に不快に感じた事があった。",25411,2018/09,2018/09
3322,待ち合わせ場所が交通量の多い交差点の中心であったため、少し手前で待ち合わせするよう依頼したが聞いてくれなかった。結果、他の車に迷惑をかけた。事故はおきてません。,25464,2018/09,2018/09
3323,経由でベンツのドライバーに断られたひ,25492,2018/09,2018/09
3324,寛いで休んでいただくのは嬉しいです。次回からは安全性を考慮した姿勢の保持をお願いいたします。,25509,2018/09,2018/09
3325,別の人を乗せるから,25514,2018/09,2018/09
3329,評価が遅い,25577,2018/09,2018/09
3331,"コンサルに使ってみてと言われたとおっしゃっていた方。
目的地でマッチングしたライダーが降り、その後、同乗者を上野まで乗せて行って欲しいという申し出がありましたが、お断りしました。",25667,2018/09,2018/09
3332,シートベルト未装着,25668,2018/09,2018/09
3333,"到着（下車）位置がでたらめに設定している。

酔っぱらい。
不潔な服装。体臭が臭い。

態度も最低。
決済もできない。",25673,2018/09,2018/09
3334,"到着後の待ち時間が長い
支払いが遅すぎる",25736,2018/09,2018/09
3335,いつもお世話になっております。ありがとうございます。次回からは翌日中にかんりょうしていただけるとたすかります。,25776,2018/09,2018/09
3338,佐野様: 本ライダーさんのご立腹による、私に対する評価が1となった理由については、CREWアプリ側の不具合が原因である旨を、先程お電話にて承りました。不本意ではありますが、本乗車に関するライダーさんの態度は芳しいものではないので、評価1をつけざるを得ませんでした。,25783,2018/09,2018/09
3339,"到着後の待ち時間
酒に酔ってドアをガードレールに当てる
車内で寝る",25808,2018/09,2018/09
3343,シートベルト未装着,25893,2018/09,2018/09
3344,"酔われていて、シートベルトを締めるようお願いしてもなかなか対応しなかったり、目的地に到着しても降車するのに手間取ったりした。
また、目的地周辺の道路が自分の車では幅が狭く非常に運転しずらかった。",25904,2018/09,2018/09
3351,タクシーではありませんのでドアはご自身で閉めて下さいませ。,26075,2018/09,2018/09
3352,目的地が自由が丘の駅になっていたが、本来の目的地は、1キロ以上離れた田園調布でした。,26078,2018/09,2018/09
3355,ありがとうございます。その後お加減はいかがですか？次回からは翌日中を目処に評価をいただけると助かります。,26091,2018/09,2018/09
3360,評価が遅かった。,26229,2018/09,2018/09
3364,評価が遅い,26330,2018/10,2018/10
3365,評価が遅れた為,26354,2018/10,2018/10
3372,到着点に向かう前に経由地を指示された。また、到着点とは別の場所を指示された。,26583,2018/10,2018/10
3373,シートベルト未装着,26585,2018/10,2018/10
3375,"クレジットカードがないとか、現金がないなど、お支払いの意思が感じられない。
また、目的地の太子堂へのナビだと、道が細く、最終目的地まで到達出来ず、途中で降りて頂いた。",26666,2018/10,2018/10
3383,出発地の場所,26798,2018/10,2018/10
3384,出発地と目的地の設定が適切でなかったため,26801,2018/10,2018/10
3385,出発地が電車の運休により混雑してる品川駅前ロータリー（タクシー乗り場）,26803,2018/10,2018/10
3388,会員になったばかりで送迎依頼されたので、運転中にアプリの操作やクーポンについて会社に電話する為何度か車を停めなければいけなかった。。,26896,2018/10,2018/10
3389,ガードレールにドアを当てられた。,26928,2018/10,2018/10
3395,シートベルト未装着,27048,2018/10,2018/10
3400,評価および精算をする気がみえない。,27165,2018/10,2018/10
3402,煙草の匂いで頭痛が。。,27226,2018/10,2018/10
3403,"チャットにも書きましたが、一名乗車での依頼で三名乗車、目的地を途中に追加というのは、キツイです。
クルーから一度キャンセルして依頼を出しなおしてくれ、というのも難しいです。",27255,2018/10,2018/10
3407,シートベルト未装着。,27319,2018/10,2018/10
3410,配慮があまりない,27441,2018/10,2018/10
3411,"乗車待ち合わせ場所が車の入れない場所だった。
乗り込むまで時間がかかってしまった。",27559,2018/10,2018/10
3412,シートベルト未装着,27589,2018/10,2018/10
3414,"出発地が停めにくい場所。
シートベルト未装着。
出発地に到着後、人数変更、経由地の申し出があり。
ゴミの放置。",27591,2018/10,2018/10
3415,同乗者の方がゴミの放置。,27592,2018/10,2018/10
3416,待ち合わせ場所に待機しておらず、乗車態度も悪い。すぐに精算をせず、誠意が見られない。,27596,2018/10,2018/10
3418,うるさい、車内飲酒,27655,2018/10,2018/10
3421,泥酔されていて、居座られた。,27746,2018/10,2018/10
3422,"本人は途中下車、経由で到着地点も違うところで使用方法が間違っているため
",27753,2018/10,2018/10
3423,乗車の段階で目的地変更、人数変更は遠慮していただきたいです。,27775,2018/10,2018/10
3425,アプリの目的地と実際に希望された目的地が異なった上に、到着地付近でぐるぐる周回させられた。,27794,2018/10,2018/10
3426,シートベルト未装着,27799,2018/10,2018/10
3433,シートベルト未装着,27966,2018/10,2018/10
3435,お疲れなのか、会話もそこそこにほとんど寝ていらっしゃいました。,28114,2018/10,2018/10
3436,"出発地のピンの場所。
車に対する配慮なし。",28141,2018/10,2018/10
3437,"乗車後に経由地の申し出。
車に対する配慮なし。",28142,2018/10,2018/10
3440,シートベルト未装着,28242,2018/10,2018/10
3455,"シートベルト未装着。
決済の遅れ。",28519,2018/10,2018/10
3456,精算の遅れ,28530,2018/10,2018/10
3458,評価（決済)遅れ,28539,2018/10,2018/10
3469,シートベルト未装着,28773,2018/10,2018/10
3471,"行き先がちがった。
評価が遅れた。",28811,2018/10,2018/10
3477,"出発地が工事中で停めにくい場所。
決済の遅れ。",29023,2018/10,2018/10
3484,"行き先違いでの対応
",29092,2018/10,2018/10
3485,シートベルト未装着,29117,2018/10,2018/10
3487,評価がとても遅延していたため、4をつけさせて頂きました。,29127,2018/10,2018/10
3491,謝礼,29256,2018/10,2018/10
3498,"1名だったのに2名で乗ってきて経由してほしいと頼まれた。
経由をお断りさしたら目的地手前で下車された。",29336,2018/10,2018/10
3499,シートベルト未装着,29352,2018/10,2018/10
3500,シートベルト未装着,29353,2018/10,2018/10
3502,車内はライダーさんのプライベート空間ではありませんので大声での会話や笑い声などはご遠慮下さい。,29463,2018/10,2018/10
3504,"シートベルト未装着。
原因がよくわからなかったですが、臭いが気になりました。",29494,2018/10,2018/10
3505,シートベルト未装着,29495,2018/10,2018/10
3507,決済が遅れた。,29523,2018/10,2018/10
3508,決済遅れ,29538,2018/10,2018/10
3510,シートベルト未装着,29722,2018/10,2018/10
3511,シートベルト未装着,29723,2018/10,2018/10
3512,シートベルト未装着,29725,2018/10,2018/10
3514,ありがとうございます。次回からは翌日中をメドに評価していただけると助かります。,29778,2018/10,2018/10
3518,"泥酔での利用と車内での嘔吐
ゴミの放置",29914,2018/10,2018/10
3521,乗車ポイント変更連絡の電話からタメ口で話され（初対面かつ親子ほどの年齢差）、到着ポイントを変更し更に走行中9割以上の時間を寝て過ごし到着後に起こして降車を促してもなかなか起きない。タクシーではないという認識がない。酒を飲んで寝て帰りたいならプロのドライバーであるタクシーを使うことをお勧めする。,29922,2018/10,2018/10
3523,出発地点が違う、電話して降車、ドワ閉めず。タクシーと勘違いしてる,30076,2018/10,2018/10
3527,評価遅れのため,30132,2018/10,2018/10
3528,決済に時間がかかりすぎだと、思われ、今後改善頂きたく思います。,30138,2018/10,2018/10
3529,"シートベルトを外して後ろの席で横になられて眠られてしまいました。
かなり酔われていて態度も横柄だったので言い返されるのが怖く、注意できませんでした。",30201,2018/10,2018/10
3533,指定の場所のいないのに、こちらが間違えているように、、誘導されました。,30284,2018/10,2018/10
3534,"この度は長時間のご利用をいただきありがとうございました。当初のルートから大きく離れた経由地を追加する場合の再入力方法について、適切と考えられる代替方法について、案内を差し上げるまでに時間を要したことをお詫びいたします。イレギュラーな入力方法等について、今回のドライブを通じて勉強をさせていただきましたことをお礼申し上げます。
アプリには反映されておりませんが、西麻布→稲城→三ツ境の行程について、トータルの走行距離をご報告申し上げます。クルーが通常想定している50kmを超えていたことをご参考にお知らせいたします。",30287,2018/10,2018/10
3535,評価&決済が遅れた。,30293,2018/10,2018/10
3537,酔っらい乗る資格はありません！,30370,2018/10,2018/10
3539,シートベルト未装着,30431,2018/10,2018/10
3540,評価を２週間程放置されたため。,30435,2018/10,2018/10
3542,"出発点で連絡取れずに待たされた。
評価も翌日までしてくれなかった。",30443,2018/11,2018/11
3544,謝礼,30451,2018/11,2018/11
3545,支払い処理遅れ,30463,2018/11,2018/11
3547,"イニシャルトークにあまり関心がなく、少し急ぐように要求。また車内灯を要求され応じるも、下車までずっと使用(走行中は本来使用しないもの)。出発後下車まで電話(声は大きいし、内容は大笑含み個人へのビジネス)  態度が大変横柄です。謝礼を頂いても誉められた乗り方ではありません。
タクシー乗ってください。",30481,2018/11,2018/11
3549,距離感,30497,2018/11,2018/11
3550,"評価が遅かった
",30500,2018/11,2018/11
3552,"出発地の変更依頼がチャットであり。渋谷駅前スクランブル交差点、センター街バーガーキング。無理なので断わりました。
同乗者が泥酔に近い状態。",30535,2018/11,2018/11
3554,"酒は飲んでも飲まれるな。
適量を守って楽しく帰宅を。",30567,2018/11,2018/11
3559,シートベルトを着用せず,30717,2018/11,2018/11
3564,"場所が指定のところではなく別の場所でした。
また車内で暴れたり。
タバコを吸っていいかなど言ってきました。",30824,2018/11,2018/11
3567,シートベルト未装着,30952,2018/11,2018/11
3575,"指定された場所にいなくて待たされた。
評価が遅れた。",31282,2018/11,2018/11
3576,決済の大幅な遅れ,31283,2018/11,2018/11
3579,酔っ払い。寝たら起きない、おこしても、おうへいな態度,31414,2018/11,2018/11
3581,シートベルト未装着,31424,2018/11,2018/11
3582,シートベルト未装着,31425,2018/11,2018/11
3583,シートベルト未装着,31427,2018/11,2018/11
3584,アカウント貸し,31528,2018/11,2018/11
3585,ありがとうございました。次回からは翌日を目処に完了していただけると助かります。,31621,2018/11,2018/11
3590,"飲みすぎた様子があって、途中で止まっていろいろやり過ごしたため。
",31777,2018/11,2018/11
3591,狭い路地を入ってバックして切り返してやっと、目的地(ピン指定の場所)に到着したが、ご就寝されていため、起きたあとにここではなくてコンビニがいいと仰られ、路地から出てご希望された場所に移動しました。,31801,2018/11,2018/11
3592,今回はライダー3人組でしたが、内お一人が飲み過ぎで途中トイレを希望されたり、路上で嘔吐されたりと、大変でした。車内でなくて良かったのですが。無事に送迎できて安心しました。,31807,2018/11,2018/11
3594,常識的でない姿勢で睡眠する。目的地到着時に、なかなか起きない。,31931,2018/11,2018/11
3596,ピンの位置が違う,31992,2018/11,2018/11
3597,シートベルト未装着,32009,2018/11,2018/11
3598,"10分以上連絡なく待たされた上に
泥酔状態で評価もすぐにして頂けなかった。",32023,2018/11,2018/11
3604,"出発点で待たされた。
待たされたあげく指示した場所を間違えたと別の場所に来るよう指示された。
無理に自転車を一緒に乗せたいといわれ、乗せたが車に傷がつかないかずっと不安だった。
目的地を渋谷に設定してるが恵比寿経由して欲しいと言われたがそれは断り、もう乗せたく無かったのでタクシーか他の手段での移動を提案したが、
だったらいいとキャンセル拒否されました。
対応に非常に疲れました。",32172,2018/11,2018/11
3609,いい人だと思いますが個人的には今後はご遠慮したいです,32223,2018/11,2018/11
3610,シートベルト未装着,32414,2018/11,2018/11
3617,評価が遅すぎて、ライダーに関して忘れてしまいました。せめて翌日には決済いただきたいです。,32581,2018/11,2018/11
3622,"2名乗車で大音量でスマホ動画を見ていました。
運転にも危険な影響がある可能性もあります。",32711,2018/11,2018/11
3625,酔っぱらい,32736,2018/11,2018/11
3630,"おそらくライダー本人が利用してない。
車に乗る前に、ライダー本人が断りもなく車内や運転手を動画撮影していた。",32947,2018/11,2018/11
3631,泥酔、嘔吐,32979,2018/11,2018/11
3639,"会話のキャッチボールができない？
道を曲がった後で「真っ直ぐ行ってUターンできた」と言われても。
事前に道先の言及をしていたのに指示もなかったので、希望があるならお話頂きたい",33339,2018/11,2018/11
3640,お互い初回利用だったせいか、経由地の設定が無く、ライダーが先に降りてしまい、同乗者を目的地に送る形になりました。,33340,2018/11,2018/11
3642,シートベルト未装着。,33416,2018/11,2018/11
3643,"事情があったらしく、出発地に到着してから15分以上待ちました。
その後は謝罪も含め適切なやり取りをしていただきました。",33417,2018/11,2018/11
3644,シートベルト未装着,33419,2018/11,2018/11
3645,車が通りにくい場所、狭い場所を出発地に指定,33429,2018/11,2018/11
3648,初めてのご利用とのことで仕方ないのですが、お金がなく謝礼が出せない話を連呼されると、気持ちはわかりますが反応に困ります。恐縮ですが今後のライドのためにもこの評価にいたしました,33784,2018/11,2018/11
3652,嘔吐されました,33969,2018/11,2018/11
3654,予定時刻より早く着きましたが、シートベルトの着用をお願いしたところ、抵抗があったようでした。またお約束のアプリの操作をお願いしたところ、「まだ出発しないんですか」と、不満そうでした。,33986,2018/11,2018/11
3657,"横浜駅ではなくて都筑区の変更に加えて、車の中で缶ビール
おまけに謝礼が低い！",34064,2018/11,2018/11
3660,決済遅延,34084,2018/11,2018/11
3661,"ピンの場所に着いて到着のご連絡をしたが、違う場所にいるとのこと。到着する前にもっと早く言って欲しかった。遠回りになった。
指示された場所でもしばらく待った。",34095,2018/11,2018/11
3662,"評価の遅さと
急ぎめと
言いながら
出てくるのが
遅く
さらにコンビニ寄ってからの
乗車だった",34174,2018/11,2018/11
3664,決済遅れの為,34193,2018/11,2018/11
3666,"ご利用ありがとうございます。

大変恐縮ですが、今後もライダー・ドライバーがお互い気持ちよくサービスを利用する為、一点だけお願いがございます。

ご面倒ですが、最終目的地以外に経由地をご希望の場合は、２つのアカウントを使用して正規の手続きにてご利用頂けますよう、ご協力をお願い致します。",34248,2018/11,2018/11
3668,"ライダーさんには全く問題無いのですが、同乗されてた方が降車の際に左のミラーに思い切りぶつかってしまい、スイッチで戻らなくなってしまいました。
手動でもとの位置に戻したら動くので問題ないとは思いますが、一応ディーラーに診てもらおうと思います。

おそらく問題ないと思いますが、一応ご報告します。
ライダーさんご自身は、とても良い方でした。

",34304,2018/11,2018/11
3671,評価・決済が丸一日後では利用者の信頼性に欠けてしまいます。今後利用される際には利用後即時評価決済をされた方が宜しいかと思います。,34413,2018/11,2018/11
3672,目的地設定が実際の目的地とだいぶ違っていた。8kmくらい更に走りました,34503,2018/11,2018/11
3673,"待ち合わせ場所で20分間経過、挙句場所が違ったとの事。
かなりの泥酔で、到着後も起きて貰えず、評価、決済をしないで降りようとする始末。おそらく毎度酔っ払っての乗車と思われます。",34504,2018/11,2018/11
3674,シートベルト未装着,34591,2018/11,2018/11
3680,"リクエスト受けてから、走り出すまで30分以上、ラストライドで反対方向の再マッチ、とどめは、感謝料が少なすぎです！
仕事帰りの利用ですが、毎回これをされるとたまりませんね！",34715,2018/11,2018/11
3683,シートベルト未装着,34837,2018/11,2018/11
3688,"到着してから待たされたのと、香水がキツいかったです。
あとで乗せたかたにもすこし香るといわれました。",35065,2018/11,2018/11
3689,シートベルト未装着。,35110,2018/11,2018/11
3690,シートベルト未装着。,35111,2018/11,2018/11
3691,評価が遅れている。,35123,2018/11,2018/11
3692,中国の方なので会話をすることができませんでした。また、同乗されていた方とずっと中国語で会話をされていて、語学力の乏しさのため何もわかりませんでした。,35175,2018/11,2018/11
3694,酔って寝てしまわれたので、目的地に到着して何度か声を掛けても、なかなか起きられませんでした。また、その場所がどこだか直ぐにわからなかったようでしたが、降りて歩いていかれたので、多分合っていたと思います。,35330,2018/11,2018/11
3695,"読んだ本人が乗車せず、シートベルトの確認操作もしていただけなかったので、目的地へ到着などの報告もあげられませんでした。
また、二人乗車で経由地はあまり経路を大きく逸脱しないので、目的地の再登録といった操作は依頼も出来ず、といって乗車拒否するのも難しいと感じました。
このような使い方は問題であることを、ライダーさんが意識してくださらないと、ドライバーからその場で操作を依頼するのは、簡単なことではないと、強く感じました‼️",35347,2018/11,2018/11
3697,"二人乗車し経由地について要望されましたが、キャンセルしないと不可能とお伝えしました。
キャンセルの操作方法が分からなかったので目的地までのルート上で一人降ろしました。",35536,2018/11,2018/11
3698,シートベルト未装着,35565,2018/11,2018/11
3699,シートベルト未装着,35566,2018/11,2018/11
3701,"支払い、評価、大幅延滞の為
",35592,2018/11,2018/11
3708,決済スルーはシステムの根幹に関わると思うので、厳重注意をお願いします。,35720,2018/11,2018/11
3709,同乗者がビニール袋の中ですが嘔吐されました,35869,2018/11,2018/11
3710,謝礼,35884,2018/11,2018/11
3711,謝礼,35885,2018/11,2018/11
3712,出発地点の住所はデタラメだし ドンキーホーテに来いと言われて向かうと  違う交差点にいると言うし  Uターンして急ぎで来いと言うし  電話しろと言われて電話すると出なかったりで  もうこりごり,35886,2018/11,2018/11
3713,"2名乗車で途中で1名のために遠回りを要求する。
車内では寝ており会話なし。
ただのタクシー使いするのはいかがなものか。",35898,2018/11,2018/11
3714,目的地が違う,35901,2018/11,2018/11
3715,謝礼,35937,2018/12,2018/12
3716,きちんと清算をしないで、こんなに時間たってからやる何て非常識だと思います。,35944,2018/12,2018/12
3719,清算は、当日中にお願いします。,36084,2018/12,2018/12
3720,酔っていたことと決済が遅かったため星を１つ減らしました。,36089,2018/12,2018/12
3723,"品のよくない、女を売り物にしている方々に思える言動から、社会によくない人々
",36225,2018/12,2018/12
3724,タバコくさいし、タバコのゴミや車内の決済せず、評価通りでした,36283,2018/12,2018/12
3725,決済が２日遅れたことと降車の際こちらがアプリの操作をしている間にすぐに下車し不快に感じました。最低評価をつけるほどではないですがあまり乗って欲しくはありません。,36364,2018/12,2018/12
3726,車内決済をお願いする間もなく降りてしまった。,36397,2018/12,2018/12
3727,清算が遅い,36467,2018/12,2018/12
3728,シートベルト未装着,36506,2018/12,2018/12
3730,出発地点に到着してから30分以上待たされ、あげくに出発地をライダーさんが離れてしまい1キロ違う場所でマッチングしました。,36563,2018/12,2018/12
3732,お酒を飲まれていたので、目的地に着いて、寝ていたのを起こして、安全に降りてもらうのが精一杯でした。ライドの終了処理をその場でしてもらえませんでした。,36587,2018/12,2018/12
3733,"乗車するライダーがアプリを持っておらず、第三者が乗車された。
乗られた方には問題はなかったが、リクエストを出したライダーには問題があった。",36592,2018/12,2018/12
3734,こんな人ばかりだとcrewの存在が危ぶまれると思います,36594,2018/12,2018/12
3735,"酔ってカラオケではないので！
次せたいかと乗せたくない人たち",36760,2018/12,2018/12
3736,道の指示が多かったです。5分くらいしか到着時間変わらないのでカーナビの指示通り走らせてもらえると、、変に緊張しちゃいました(*_*),36848,2018/12,2018/12
3737,著しく評価送信が遅かったため,36849,2018/12,2018/12
3747,目的地に着いてから変更するのではなく、最初から指定してください。,37104,2018/12,2018/12
3748,2名乗車して渋谷区恵比寿から近距離のはずが、目黒で1名下車し最終的に世田谷区若林までライドしました。ライダーさん曰く『目的地は適当に入力した。本当の目的地は口頭で指示する。』私は『アプリ上の目的地と異なる目的地であれば、一度キャンセルして再マッチをお願いします。そして一人下車後に2回目の再マッチをお願いします。』とお願いしたのですが、ライダーさん曰く『自分はクルーのドライバーをしており、いつもこのようなやり方をしている。運営側はそこまで見ていないので大丈夫だ。』の一点張りで私の言うことをききませんでした。彼は本当にクルーのドライバーなのか疑問に感じています。このような方を乗せたのは今回が初めてであり、クルーのライダーとしていかがなものかと思いましたのでお届けいたします。,37118,2018/12,2018/12
3753,経由地を追加された。待たされる時間が長い。,37411,2018/12,2018/12
3754,アプリの利用者は乗らず、知人らしきが実際には乗りました。対応に困ります。,37414,2018/12,2018/12
3757,目的地の設定が間違っていたため、目的地の周辺で、行ったり来たりを余儀なくされました。,37799,2018/12,2018/12
3760,目的地の設定がラフでcrewの利用法方が不徹底な印象でした。,37823,2018/12,2018/12
3762,"断り無しに、飲食をはじめられました。
最低でも、断りを入れてからお願いいたします。",37953,2018/12,2018/12
3764,目的地が曖昧,38101,2018/12,2018/12
3766,アプリでしされた位置より、目的地が遠かった。,38119,2018/12,2018/12
3768,"秋葉原に呼ばれたのにご本人はまだ渋谷、場所を指定したのに違うところで待っている、結局待ち合わせ場所についてから30分以上かかって合流しました。
目的地もよくわからず、もう少し判断力のある状態でご利用いただきたいです",38145,2018/12,2018/12
3769,"かなり酔ってました！
なかなか起きなく
配車されて20分待ちました",38279,2018/12,2018/12
3770,出発地点で20分待たされライダーは乗らず行き先の違う二人を乗せてくれと言うので、この評価にします,38313,2018/12,2018/12
3771,シートベルト未装着,38314,2018/12,2018/12
3773,「ありがとう」をいただくまで時間がかかりすぎる,38323,2018/12,2018/12
3774,20分くらい待たされた,38337,2018/12,2018/12
3777,実質、シロタクだと考えているのか、タクシーの客と運転手という言葉遣いの対応が非常に不快。,38553,2018/12,2018/12
3782,Esa persona no estaba a bordo.,38566,2018/12,2018/12
3783,車内飲酒,38569,2018/12,2018/12
3785,決済が翌日の午後、待ち合わせにも5分以上遅刻、,38571,2018/12,2018/12
3788,精算はお早めにお願いします。。。,38602,2018/12,2018/12
3790,ギャラ飲み業務で利用？,38731,2018/12,2018/12
3791,行き先が違っていれて、さらに別の行き先に行った,38762,2018/12,2018/12
3792,行き先変更,38764,2018/12,2018/12
3795,"クルーはタクシーではないので、最終目的地を設定の上、経由地があれば詳細な住所をお伝え下さい。
また、道案内に際しては急に言われても対処しかねるどころか危険を伴い、場合によっては私共の免許に傷がついてしまいます。そういうことがお守りいただけないようであれば、是非タクシーをご利用いただければと存じます。",38881,2018/12,2018/12
3796,実際に乗車されたのは、呼んだ方と違っていました。,38894,2018/12,2018/12
3797,評価が遅かった。,38940,2018/12,2018/12
3798,人数違い,39098,2018/12,2018/12
3800,メッセージに気づけなかった私も悪いのですが、待ち合わせ場所の変更の希望が明らかに遠くなるなど、終電もない状態でこれは確信犯と見てこのような評価としました。,39108,2018/12,2018/12
3801,特にありません。,39135,2018/12,2018/12
3802,乗車人数の勝手な変更。,39165,2018/12,2018/12
3803,指定時間を過ぎても連絡がないのと、評価はなるべく早くするべきだと思います。,39173,2018/12,2018/12
3804,車内では問題ありませんでしたが決済までに３週間以上かかっており他のドライバーさんにも好ましくないと感じ最低評価をつけました。,39237,2018/12,2018/12
3808,はじめての利用で勝手が分からなかったようです。目的地の設定が適当でした。招待する人がしっかり説明するか、登録した人へのチュートリアルを充実してください。,39340,2018/12,2018/12
3812,評価が遅い,39474,2018/12,2018/12
3818,シートベルト未装着,39761,2018/12,2018/12
3819,忘年会のお帰りで酔っていらっしゃったのか分かりませんが、シートベルトの確認等で適当で大丈夫でしょ？等、受け答えをしっかりして頂けなかったのが残念でした。,39770,2018/12,2018/12
3821,現金対応を求めてきた。,39799,2018/12,2018/12
3822,プリペイド式のクレジットカードを使用しており残高がないと言うことで今回支払いが遅れたようです。人間的には全く問題のない好青年でした。彼は武蔵小杉ではなく菊名に行きたかったが菊名を入れるとマッチングされないのでいつも武蔵小杉と入れているようです。その後徒歩で2時間弱歩くと言っていたので不敏に思い菊名の自宅まで乗せました。すぐに払いますと言っていたのに裏切られた様で悲しい気分になりました。18歳の少年なので仕方ないかなって感じです。,39800,2018/12,2018/12
3824,定員オーバー,39971,2018/12,2018/12
3826,サンシールド外して去って行ったため,40002,2018/12,2018/12
3828,酒酔い,40087,2018/12,2018/12
3829,一人乗車だったのに二人乗ってきた。,40110,2018/12,2018/12
3830,"酔いが回っていたのか爆睡され、目的地到着しても声かけですぐに起きず。
到着した場所が予定と異なったと言われて、フラグより二駅ほど先の地点を要求。
",40163,2018/12,2018/12
3831,決済、評価を全然してくれない。,40173,2018/12,2018/12
3832,急な目的地変更があり、ライドの付け替えをしたもらう時間がありませんでした。,40250,2018/12,2018/12
3833,行ったら本人でなかった,40256,2018/12,2018/12
3834,"10分待った
キャンセルしようかと思った",40257,2018/12,2018/12
3835,道案内が今ひとつ,40295,2018/12,2018/12
3841,支払いが遅い,40451,2018/12,2018/12
3850,"アプリ利用者本人は同乗せずに友人のみ乗車。
乗車した方はアプリを使っていたが何故か利用制限がかけられていてマッチング出来ないと話していた。",40854,2018/12,2018/12
3851,"評価、支払延滞
",40919,2018/12,2018/12
3852,"評価、支払延滞
携帯の通信速度低下で、自宅や出先のwi-hiでの利用という事でした。
ライドに支障をきたしますので、その様な利用は控えていただいた方が良いと思います。",40922,2018/12,2018/12
3858,ベルト着用せず。お酒臭い。,41067,2018/12,2018/12
3863,乗り込みに際し、ハードキャリーバッグを預かる旨申し出たが、返答せず車内持ち込み。その際大きな音を立ててクルマの車内にぶつけた。,41181,2018/12,2018/12
3864,"立ち寄り及び行き先の延長
評価及び決済の遅れ",41196,2018/12,2018/12
3865,車の中でイチャつきはじめ、キスはするは暴れるは大声で電話するは後ろからシート蹴られるし最悪でした,41246,2018/12,2018/12
3868,終始電話しっぱなしでこちらの手続き出来ず,41356,2018/12,2018/12
3876,乗車前の喫煙、車内での飲食、脚を組んで内装を汚す等々、乗せてもらう最低限の礼儀は必要です。持ちつ持たれつの関係が無ければ成り立ちません。複数利用の場合には同乗者同士でマナーを確認して利用してください。,41420,2018/12,2018/12
3878,酔っ払って待ち合わせ場所で待たされ、ご自宅の場所は細い道で急坂一方通行で大回りしなければたどり着けず。乗車中は熟睡なので、手前で降車もできず、低評価となりました。今の時点で私への評価もわかりませんが、謝礼金はどうでも良いくらいで、キャンセルすれば良かったと思うライダーでした。他のドライバーへもお知らせしたいので評価を低くしました。,41440,2018/12,2018/12
3879,目的地直前まで話し続けて急に降りたので、高速料金をとりっぱくれてしまいました。,41442,2018/12,2018/12
3881,目的地が曖昧。寄り道。急がされる。,41598,2018/12,2018/12
3882,遠回りで好みのコンビニに立ち寄るのは構わないが、そこで20分近く滞在されるのはどうかと思う。,41637,2018/12,2018/12
3883,乗り方,41645,2018/12,2018/12
3887,指定地点と全然違う場所にいたので、拾うのに非常に苦労した。,41758,2018/12,2018/12
3890,お迎えのピンの位置と実際の位置との相違があった。仲間との雑談が終わらず、お迎えから出発までに時間を要した。定員外乗車を打診された。お送り先のピンの位置と実際の位置と相違があった。乗車中に眠ってしまい、到着にて起こすのに手間と時間を要した,41813,2018/12,2018/12
3893,"決済の大幅な遅れ。
迷惑を掛けたという認識が無いのかな？と思われる。",41825,2018/12,2018/12
3894,ありがとうございました。次回からは翌日中に評価をしていただけると助かります。,41842,2018/12,2018/12
3895,かなり遅れて登場されました。,41929,2018/12,2018/12
3898,待ち時間が少しばかり長いです。,42089,2018/12,2018/12
3903,本人が乗らなかった。,42455,2018/12,2018/12
3904,アプリ利用者以外の乗車でした,42488,2018/12,2018/12
3905,意図的な乗車人数変更と目的地変更,42491,2018/12,2018/12
3910,決済遅れ,42634,2018/12,2018/12
3914,到着した時、到着地点にいなかったので数分間待ちぼうけしました。,42778,2018/12,2018/12
3917,断り無しの飲食,42928,2018/12,2018/12
3919,"予定地と違う場所に送迎させられた。
",43059,2018/12,2018/12
3922,"カップルで乗車。人の車に乗っているということが感じられない態度でこちらが目的地の確認などしても軽い返答のみ。
目的地に着きご利用ありがとうございます。といって目を合わせてもカップル揃って無言のまま立ち去ったため印象が非常に悪かった。",43145,2018/12,2018/12
3924,"一名との申請でしたが、2名いらっしゃった事。
",43270,2018/12,2018/12
3929,ドアをガードレールにぶつけられました。,43487,2018/12,2018/12
3937,スーツケースを後部座席に載せ、引きづられた事によりシートに傷がついた…,43637,2018/12,2018/12
3938,乗車位置の場所が悪い,43647,2018/12,2018/12
3939,シートベルト未装着,43651,2018/12,2018/12
3941,決済遅れは減点せざるを得ません。,43664,2018/12,2018/12
3942,評価の遅れ,43671,2018/12,2018/12
3944,"シートベルト未装着。
お酒で戻してしまいそうな状態でリクエストは出さないで欲しい。車外で戻したので、実害は無し。",43951,2018/12,2018/12
3946,評価、支払延滞,44024,2018/12,2018/12
3949,"特になし

",44110,2018/12,2018/12
3950,タクシーという扱いをされて、少し戸惑いました。,44157,2018/12,2018/12
3957,出発地点で30分連絡が取れず、目的地のさらに先が最終目的地でした。目的地も考慮して依頼を受けていますので、ルールをお守りください。,44431,2018/12,2018/12
3958,目的地が少々変更されてしまったため。,44433,2018/12,2018/12
3959,タバコを吸われたのと、二名乗車で2人でずっと喧嘩してて、ドライバーとしては平常心では運転できませんでした。,44683,2018/12,2018/12
3960,目的地が全然違う,44708,2018/12,2018/12
3961,"恐らく新機能のグレードだからか目的地を近くに設定して乗車されました。
ドライバーは断りにくいのでかなり悪いアップデートではないでしょうか。

また、車の外ですが嘔吐をされたため、このような評価にしております。",44713,2018/12,2018/12
3963,"・目的地の設定が全然違う
・愛想がない",44850,2018/12,2018/12
3970,アカウントとは別な人が乗車。,45021,2018/12,2018/12
3973,別人が乗ってきた。態度も最悪。,45205,2018/12,2018/12
3974,決算が遅い,45241,2018/12,2018/12
3976,"チャット、電話連絡不通。
本来の目的地よりもかなり手前に目的地が設定されていました。",45266,2018/12,2018/12
3977,車内で化粧。匂いが残って結構困る。,45279,2018/12,2018/12
3978,なかなか現れず10分以上待たされた。,45282,2018/12,2018/12
3979,"到着して待たされる。 
泥酔している。
シートに横に寝る。
ポップコーン撒き散らす。
しつこくいくらかかるかお金に関して聞いてくる。
そもそもシステムをまったく理解していない。
社長の友人の紹介はロクなライダーがいませんね。
金輪際使うな。",45291,2018/12,2018/12
3982,お早めに精算をお願いします。,45313,2018/12,2018/12
3984,車内で断りもなく飲食。,45556,2018/12,2018/12
3987,"初回の方だったが料金体系について、知っているのはガソリン代を払うことだけで1分20円のシステム手数料がかかることは知らない様子だった。
知らないのは本人だけのせいではないが、かかる料金については最低限知ってから乗って欲しい。
",45658,2018/12,2018/12
3990,評価が遅い。お金が無いので評価を待って欲しいと言われた。,45673,2019/01,2019/01
3992,ええ,45676,2019/01,2019/01
4010,"test
",45720,2019/01,2019/01
4024,ナビ通りでない道で、指示が遅く嫌な態度をされました。,45828,2019/02,2019/02
4025,アルコール持ち込みと飲食。汚したりとかの問題はなかったですが。,45883,2019/02,2019/02
4026,外国人名かと思ったら日本の方。しかも最初は自分の登録した名前も言えず、使い方が少々いい加減に感じた。,45910,2019/02,2019/02
4027,"乗車後に用賀経由をお願いされ、時間的に用賀到着後の区間の再設定をする余裕がないが仕方なく了承。
同伴の女性を下ろすタイミングには既に出来上がって爆睡の状態。
酔っ払ってもいいが、流石に酔いすぎ。
乗車回数の割に総合評価が低めなのもなんとなくわかりました。",46002,2019/02,2019/02
4034,4人で乗ってきて最初の目的地設定とぜんぜん違う経由地を指定された。設定のし直しを依頼したが不満そうであった。その後の目的地でも経由地を指定され時間を無駄にした。しかも謝礼が0円なんてこのシステムを悪用しようとしてるとしか思えない。,46211,2019/02,2019/02
4036,同乗者がシートベルト未装置,46295,2019/02,2019/02
4037,指定場所の変更、後眠られてしまい、到着時に少し不満を漏らされた,46301,2019/02,2019/02
4039,"ご利用頂きありがとうございます。
お手数ですが、CREWの利用規約を改めて確認し、ルールと法律の範囲内での利用をお願いします。",46372,2019/02,2019/02
4044,"ご利用ありがとうございます。

お手数ですが、CREWの利用規約を改めて確認し、ルールと法律を理解した上での利用をお願いします。

シートベルトの未着用は一般道であっても交通違反です。",46481,2019/02,2019/02
4046,目的地が追加された。,46584,2019/02,2019/02
4050,シートベルトをしない。その上急かす。,46901,2019/02,2019/02
4051,酔っぱらった同僚？と4人で乗車。大声でカラオケのような状態。途中で寝て静かになった。ライダーご本人はきちんとしていたが、砧は寮だと思われるので、これからも大人数で酔っぱらっての乗車があり得るので、私は2度と関わりたくありません。,46902,2019/02,2019/02
4055,"シートベルト非着用。
ドアの閉め方が雑で悲しかったです。",47022,2019/02,2019/02
4060,会話が全くなくて辛かったです。,47103,2019/02,2019/02
4063,シートベルト未装置,47149,2019/02,2019/02
4066,ちょっと喋りにくい雰囲気でした。,47314,2019/02,2019/02
4069,"1名のはずが2名で乗ってきて、目的地の渋谷ではなく遠距離をお願いされた。
一度キャンセルするから再度コールするよううながしたが、ライダーのグレードが低いため自宅まで希望できないため、近距離を目的地設定してマッチングしたドライバーに交渉してるとか。
前回はOKだったとのことでしたが、
私はきっぱりお断りしました。",47396,2019/02,2019/02
4072,評価が遅かった,47660,2019/02,2019/02
4076,アプリ登録者が先に降りてしまっていた。,47766,2019/02,2019/02
4077,足を組んで前席のシートを汚した。泥酔して寝ていて、なかなか起きてくれなかった。よだれを車内に垂らされた。,47794,2019/02,2019/02
4078,少し無愛想で悲しかったです。,47805,2019/02,2019/02
4080,車内で熟睡されてしまい、目的地へ到着してもなかなか起きて頂けなかった。,47824,2019/02,2019/02
4081,未決済は星落とします。,47838,2019/02,2019/02
4084,"ドライバーはそれぞれ個人所有の大切な車でCREWパートナーをしています。食べかけの丸リンゴを持って一言も無く乗車する事は、どうかと思います。
先に一言仰っていただければ気分良く目的地まで行けるのですが、車内でも気にする事なくリンゴをかじっていらっしゃったので☆3で評価します。",47886,2019/02,2019/02
4085,回り道,47914,2019/02,2019/02
4088,"目的地が適当すぎます。
何キロもずれるのは非常識です。",48044,2019/02,2019/02
4090,経由地,48134,2019/02,2019/02
4091,"①無断で何か食べる
②無断で自分のスマホから音楽流す
③足を全席に押し付けて座る

ライダーに伝わらないなら、このようなコメントは意味無いですが、今後この方を乗せるかもしれないドライバーのために評価を下げました。

他人の車にライドシェアしている意識があれば、普通はマナーに気をつけます。正常な方ならタクシーの中でもしないことを平気でされるのは残念です。",48135,2019/02,2019/02
4092,決済が遅かった,48139,2019/02,2019/02
4093,"足を組んでドアが汚れてつぎの方に汚れていると指摘されました。
お気遣い頂ければとおもいます。",48142,2019/02,2019/02
4100,支払いが遅すぎる,48305,2019/02,2019/02
4102,"シートベルト装着なし
",48392,2019/02,2019/02
4105,清算が遅すぎる,48535,2019/02,2019/02
4112,待ち合わせ場所と到着場所が曖昧でした,48778,2019/02,2019/02
4118,終始不機嫌な方で辛かったです。,48953,2019/02,2019/02
4125,待ち合わせ場所に大幅に遅れました。,49248,2019/02,2019/02
4131,待ち合わせ場所が頻回に変更されため。,49358,2019/02,2019/02
4147,先の連絡通りドライブ中に嘔吐されました。,49796,2019/02,2019/02
4151,かなり酔っていて、一時停止の度にドアを開けて吐いていたから。,49878,2019/02,2019/02
4154,泥酔,49922,2019/02,2019/02
4156,同乗者の方が断り無くスナック菓子を開けて食べていた。位置情報をオンにしておらず、乗車地が全く違う場所だった,50069,2019/02,2019/02
4157,酔って全く起きず1時間以上も目的地から動けませんでした。,50149,2019/02,2019/02
4158,"ルール無視
定員オーバーの強要。経由地指定の強要。",50157,2019/02,2019/02
4160,お互いのためにもう少し早く評価をいただきたく思います,50206,2019/02,2019/02
4162,"道順確認させて頂いた上で、時間帯、工事、信号本数を考慮した最速ルートで走行しましたが、文句を言われてしまいました。
普段とは違う道順が気に入らなかったかと思われます。",50279,2019/02,2019/02
4163,写真なし。,50310,2019/02,2019/02
4164,写真なし、メッセージ返信なし。,50311,2019/02,2019/02
4165,"写真なし。
メッセージ返信なし。",50313,2019/02,2019/02
4166,楽しいライドシェア、という点でご協力いただけませんでした。,50324,2019/02,2019/02
4168,写真がない,50328,2019/02,2019/02
4169,"到着していたが車がどこかわからないと偽り買い物をしていた。
待たせるのであれば正直に言って欲しい
",50401,2019/02,2019/02
4171,何日も経ってからの評価。そんなに面倒くさがらないでください。,50478,2019/02,2019/02
4172,"出発地違いも悪びれた様子もなくUターンを2かいさせて、違う出発地点誘導。
到着地も変更させ乗車中睡眠。アルコール臭",50545,2019/02,2019/02
4173,写真がない,50581,2019/02,2019/02
4174,写真なし、経由地希望,50582,2019/02,2019/02
4175,写真がない,50583,2019/02,2019/02
4176,写真なし、酔っ払い,50584,2019/02,2019/02
4177,当日中の決済をお願いいたします。,50595,2019/02,2019/02
4178,写真無し,50597,2019/02,2019/02
4179,決済は当日中にお願いいたします。,50607,2019/02,2019/02
4181,写真がない,50719,2019/02,2019/02
4183,写真なし,50820,2019/02,2019/02
4184,写真なし、名前適当。5分以上待った。,50822,2019/02,2019/02
4185,"5分ほど待ってほしいと連絡があったが、結局10分以上待つことに。
不安になるので、遅れる場合はもう少しこまめな連絡が欲しかった。",50826,2019/02,2019/02
4186,行き先が宮前平だった？‼️,50836,2019/02,2019/02
4187,写真なし。メッセージ返信なし。,50837,2019/02,2019/02
4188,写真なし,50841,2019/02,2019/02
4189,当日は体調不良のご様子について、お見舞い申し上げます。快復されているとよいですね。決済につきましては、次回以降はご事情が許す範囲で、おおよそ翌日中にすませていただけると助かります。,50848,2019/02,2019/02
4190,"ご利用ありがとうございます。

お手数ですが、改めてCREWの規定をご確認頂き、ルールに沿った利用をお願いいたします。",50924,2019/02,2019/02
4195,"一方的な目的地の変更、乗車人数の増加、経路の強要があった。

態度は悪くないが、こうした要求が頑なであった。",51106,2019/02,2019/02
4196,目的地の変更が3回あった,51118,2019/02,2019/02
4197,評価対応が遅すぎる,51137,2019/02,2019/02
4198,途中立ち寄り、距離延長,51194,2019/02,2019/02
4201,クルーのサービスを、タクシーと同じと思われているようです。ご本人の希望の経路の道案内も間違っていました。,51282,2019/02,2019/02
4204,"断りなしで乗車中ほとんど長電話。
希望により温度も調整し、ブランケット等も提供しましたが、おりるときもたたまずそのまま。
評価もしたとおっしゃいましたが、時間差で乗車中はこず。

",51437,2019/02,2019/02
4205,"行き先の変更がありました。
待ち時間もありました。",51459,2019/02,2019/02
4206,"crewは送迎タクシーではありません。
ドライバーは善意の気持ちをもってライダーさんを乗せています。
度重なる位置変更はドライバーへの一方的な負担にしかなりません。
乗車位置・目的地、共にピンの位置が不正確ではドライバーも善意な気持ちでドライブが出来ません。",51464,2019/02,2019/02
4209,写真なし,51492,2019/02,2019/02
4210,写真なし,51493,2019/02,2019/02
4212,決済が遅すぎます。,51501,2019/02,2019/02
4213,"crewは送迎タクシーではありません。
また車内はライダーの私的空間ではありません。
crewコンセプトをご理解の上、利用して頂きたいと思います。",51590,2019/02,2019/02
4222,写真無し,51823,2019/02,2019/02
4223,写真無し,51825,2019/02,2019/02
4224,写真がない,51840,2019/02,2019/02
4225,"泥酔

窓を開けっぱなしにして手を外にたらす。

危険でした。",51883,2019/02,2019/02
4228,当初の待ち合わせ場/目的地が変更となる・マッチしたライダー当人が乗車せず乗車するように諭すもいつもこのように利用していると言い、従わず・乗車したライダーの友人と思われる4名は車内で覚せい剤の話をしていた。,52096,2019/02,2019/02
4229,2人して歌い出しうるさくする→その後寝る→指定場所について起こすが、その場所より1kmほど移動させられる,52138,2019/02,2019/02
4230,"乗車前に電話で１人乗車から2人乗りに変更依頼あり。
サービス時間3時を過ぎ再設定出来ないので、同じ目的地を条件に引き受けました。
ピックアップ後、同じ目的地では無く違う場所を指定され対応しました。",52213,2019/02,2019/02
4231,写真なし,52218,2019/02,2019/02
4232,"こちらの評価が今回のライドの正式評価とさせて頂きます。
ピンを建てるピックアップポイントですが、周りに迷惑を掛ける様な場所を指定された場合は、待たせる事の無いように、その場に居る様にして下さい。
 
同乗者に問題あり。
男女で乗られて後部座席で如何わしい事は行わないで下さい。

これらが今回の評価決め手となっております。
アプリの不具合は一切関係ありません。

よろしくお願いいたします。 ",52230,2019/02,2019/02
4238,袋があるからといって車内で吐かれて気持ち良いはずありません。急いでいても止まってクルマを下りて吐いて欲しいです。結局、車内も汚れていました。,52407,2019/02,2019/02
4239,写真なし,52416,2019/02,2019/02
4242,写真入れてくださいな。,52661,2019/02,2019/02
4243,写真を入れましょう,52662,2019/02,2019/02
4244,評価が遅い,52673,2019/02,2019/02
4247,評価の処理が遅すぎる,52701,2019/02,2019/02
4251,ご利用ありがとうございます。申し訳無いですが、安全運行に対する意識が欠落しているように見受けられます。,52793,2019/02,2019/02
4256,写真を載せてね,52897,2019/02,2019/02
4257,"乗るなり、窓全開、寒すぎ。
大声で熱唱、うるさい。
マナーがなってない。",52903,2019/02,2019/02
4258,写真なし。,52905,2019/02,2019/02
4259,写真なし,52921,2019/02,2019/02
4260,写真なし,52922,2019/02,2019/02
4262,"荷物を部屋から運ぶために車と部屋を3往復され、10分ほど待ちました。
お迎えまでの時間が20分ほどあり、その間に用意していただければそのようなことにはなりません。
仕方がなかったとして、詫びの言葉等あれば不快には思いませんが、言葉一つありませんでしたので星3つとしました。",53026,2019/02,2019/02
4267,３０分待ちました。,53160,2019/02,2019/02
4268,写真が無かった,53202,2019/02,2019/02
4269,写真ない,53204,2019/02,2019/02
4270,20分ほど待った,53213,2019/02,2019/02
4272,No Image Photo,53238,2019/02,2019/02
4273,写真が無い,53241,2019/02,2019/02
4275,プロフィール画像未登録により、マッチング時にライダーさんの特定ができない。,53267,2019/02,2019/02
4279,待たせるわ、車内で傘何回も当てるわ、うるさいわ、行き先変えようとするわな人達でした。ライダーの質の低下の象徴。,53314,2019/02,2019/02
4280,プロフィール画像未登録、氏名不完全により、マッチング時にライダーさんの特定ができない。,53326,2019/02,2019/02
4283,プロフィール画像未登録により、マッチング時にライダーさんの特定が難しい,53394,2019/02,2019/02
4288,プロフィールの画像未登録等により、ライダーさんのリクエストに対する判断が難しくなった。,53505,2019/03,2019/03
4290,写真なし,53527,2019/03,2019/03
4291,写真なし,53531,2019/03,2019/03
4293,話が下品で辛い,53695,2019/03,2019/03
4294,写真が無い、ピンの位置が別のところ。,53704,2019/03,2019/03
4299,"到着後30分以上の待ち
場所変更",53842,2019/03,2019/03
4303,評価遅れ,53959,2019/03,2019/03
4304,プロフィール画像未登録により、マッチング時にライダーさんの特定が困難。,53976,2019/03,2019/03
4305,お楽しみのところ申し訳ございませんが、乗車中はお静かにお願いいたします。,54049,2019/03,2019/03
4306,待ち合わせ場所に到着し待っていると、いきなり後部座席の扉を開け座り込み、悪い意味で驚かされました。,54061,2019/03,2019/03
4309,"飲み過ぎ😵🍺
盛大に吐かれていました(泣き)",54168,2019/03,2019/03
4312,二人の内一名の方に車内をキズつけられました。酔っ払っていました。,54231,2019/03,2019/03
4313,スマホが正常に使用出来ない時はトラブルの原因になりますので利用をお控え頂きたいと思います。（ドライバー）,54282,2019/03,2019/03
4314,"運転席を膝で押す。
スマホでYouTuberをそこそこ大きい音で再生する。
など、我慢できる状態ではあるが、なんかなぁ、って感じがしたため。",54285,2019/03,2019/03
4315,写真なし,54287,2019/03,2019/03
4316,写真なし,54289,2019/03,2019/03
4317,"写真なし。ピックアップポイントまで車&遅れ。
連絡に返信なし。",54290,2019/03,2019/03
4318,評価まで時間がかかり過ぎです(^^;;,54304,2019/03,2019/03
4319,"この方はCREWの主旨を全く理解していない。横柄な態度、上から目線の言葉遣い、会話拒否、何度丁寧に説明してもシートベルト着用拒否と車両への不満(私の車は後部座席でもシートベルト着用しないと、警告音がなり続ける！)、ライダー資格の取消しをお願い致します。
私は彼のお抱え運転手ではありません❗️タクシー、ハイヤーの利用を勧めて下さい。私は謝礼を幾ら貰っても二度と乗車拒否いたします。",54311,2019/03,2019/03
4322,お酒に酔いすぎ、早く帰りたいから飛ばせと要求。,54412,2019/03,2019/03
4323,写真が無い,54492,2019/03,2019/03
4324,写真なし,54495,2019/03,2019/03
4325,写真なし,54496,2019/03,2019/03
4326,楽しいライドシェア、ということにご理解が十分でなかったかと。,54534,2019/03,2019/03
4327,"スーツケースを持っており車内まで持ち込んできましたが、扱いが雑で車内にバンバンぶつけておりました。
人の車に乗車している自覚がないように思いました。",54609,2019/03,2019/03
4330,指定場所と違う所の指定,54660,2019/03,2019/03
4332,乗った途端に、行き先と違う方角への回り道は、大変困惑,54738,2019/03,2019/03
4334,駐停車禁止場所の指定。,54741,2019/03,2019/03
4335,その日のうちに評価して頂きたいです。,54745,2019/03,2019/03
4336,写真無し,54746,2019/03,2019/03
4338,評価おくれ,54833,2019/03,2019/03
4341,夜の世界の方の送迎と化しました。車内で飲食されて迷惑しました。,54907,2019/03,2019/03
4343,写真なし,54994,2019/03,2019/03
4344,写真無し,54996,2019/03,2019/03
4345,待ち合わせ場所がわかりずらかった,55075,2019/03,2019/03
4346,"アルコール飲料の缶を、飲みかけで持ち込んでいました。
車内で飲んではいませんでしたが不適切だと思いました。",55139,2019/03,2019/03
4351,写真なし,55251,2019/03,2019/03
4352,写真なし,55253,2019/03,2019/03
4353,写真なし,55254,2019/03,2019/03
4360,タクシーと勘違いしてませんか。,55430,2019/03,2019/03
4361,行き先の虚偽入力,55450,2019/03,2019/03
4362,車内での飲酒,55480,2019/03,2019/03
4364,写真なし,55512,2019/03,2019/03
4365,写真なし,55513,2019/03,2019/03
4367,ご利用ありがとうございます。安全の為、乗車中はご面倒でもシートベルトの着用をお願いします。,55591,2019/03,2019/03
4368,N/A,55636,2019/03,2019/03
4369,"ご利用ありがとうございます。

申し訳ないのですが、システムを利用しる前にしっかりと仕組みを理解し、規約をお読みください。

大体の金額の確認を含む、お金に関する話は車内では一切禁止となっております。ルールに基づき、運営には通報させていただきますのでご了承ください。

また、CREWはタクシーとは違い、一般の方のドライブに同情するアプリです。基本的にはナビ通りの走行になり、ご希望のルートがある場合は必ず事前に詳しくお伝え頂き、都度支持してください。タクシーと違い、都内を走り慣れているわけではありません。その点を理解し、ご利用ください。

また、目的地は基本的にアプリ内でご指定頂きました地点になります。運営も常に位置情報を監視しており、仮にルートや目的地から反対方向に離れた場合などは緊急事態とみなされ最悪の場合警察に通報されます。目的地から移動する場合などは運営への報告が必要になり、お手間を取らせてしまいますので、地点の設定は正確にお願い致します。",55653,2019/03,2019/03
4372,大騒ぎ,55741,2019/03,2019/03
4374,目的地と違う場所まで走らされた,55809,2019/03,2019/03
4376,タクシーではないので、下車したらドアを閉めてください。,56003,2019/03,2019/03
4377,3人乗車で目的地がバラバラ。,56096,2019/03,2019/03
4379,適正使用お願いいたします。,56121,2019/03,2019/03
4382,登録済みクレジットカードが利用停止だった。,56206,2019/03,2019/03
4384,"乗車時、先方から見つけていただいたのは結構ですが、当方の気づいていない状況でノックも、合図もなく突然乗車。
乗車中殆どの時間電話(断りなし)。室内灯要求。
水商売か、店の女の子と会話。ハンズフリーで不快。
下車場所の変更
下車時に本人は無意識だと思いますが、携帯電話で手が塞がっていたので足で扉を蹴って扉を開けて出て行きました。大切な車を足で蹴って開けられたのは大変な侮辱です。 ありがとうの言葉もなし。

評価も２日も経過後。 二度とご乗車いただきたくありません。 

",56228,2019/03,2019/03
4391,目的地不明。,56340,2019/03,2019/03
4396,"比較的大きめな音量で動画を見ていました。
注意するまでもなくマナーの問題です。",56421,2019/03,2019/03
4399,最初に乗せたライダーさんです。雨につき後部座席のマットが汚れるのは承知の上ですが、座席下が泥だらけです。広めにスペースを確保してるのに残念です。,56468,2019/03,2019/03
4407,"酔っていて、車内で寝てしまった。
再度ライドして欲しくないです。",56660,2019/03,2019/03
4408,すみません。タバコアレルギーなので厳しかったです。。。,56671,2019/03,2019/03
4409,写真無し,56716,2019/03,2019/03
4410,写真無し,56717,2019/03,2019/03
4411,写真まだ無し,56722,2019/03,2019/03
4413,"2人とも鼻をグスグスしてるなら、マスクを着用して乗車するのが大人としてのマナーです。
",56775,2019/03,2019/03
4416,恐れ入りますが、乗車中は常時シートベルトの着用をお願いします。,56834,2019/03,2019/03
4417,謝礼に関する話は規約上禁止とさせていただいております。他人が不快に思う言動も差し控えていただきますようお願い致します。また、出発地点は駐停車が可能な場所にしていただけますとありがたいです。,56836,2019/03,2019/03
4420,大幅に迂回する経由地のご指定はご遠慮ください。,56909,2019/03,2019/03
4421,"待ち合わせ場所の変更（恵比寿西→恵比寿1丁目）
目的地の度重なる変更（西新宿5-18-8→西新宿3-7-1→成子坂下)
泥酔状態で、嘔吐の危険性があり不安でした。",56916,2019/03,2019/03
4422,出発地点が、大幅に違いました。,56917,2019/03,2019/03
4424,かなり大きなスーツケース持参で乗車されました。事前に連絡をして頂きたかった事及びスーツケースを載せる時、下ろす時、引きずったので後部座席の床、結構キズがつきました。,56928,2019/03,2019/03
4425,コミュニケーション不足,56931,2019/03,2019/03
4427,最後までお化粧をされていました。また、香りのある化粧品がきつかったです。,56979,2019/03,2019/03
4429,駅前ロータリーバス停付近は駐停車禁止です。出発地点を考慮して下さい。,57006,2019/03,2019/03
4434,本人以外の乗車,57140,2019/03,2019/03
4436,迎え場所、目的地等の変更,57178,2019/03,2019/03
4437,名前がイニシャル,57208,2019/03,2019/03
4438,"写真なし。行き先変更。
ホワイトなので、距離が足らず、行き先変更を要望してきた",57218,2019/03,2019/03
4440,許容範囲を超える荷物が有り、載せる場合には事前に連絡を入れて欲しいです。,57257,2019/03,2019/03
4446,断りもなくシートを動かしたり、ただの運転手としか見ていないなど横柄な態度が見受けられる。次回は乗せたいと思わない。,57285,2019/03,2019/03
4447,シートベルト未着用,57297,2019/03,2019/03
4448,到着するなり急かされ、臭いも酷く、御礼もろくになく、酷いライダーでした。シルバーである理由を疑います。,57314,2019/03,2019/03
4450,乗車中はシートベルトの着用をお願い致します。,57329,2019/03,2019/03
4456,"シートベルト未着用
顔写真なし",57386,2019/03,2019/03
4458,写真なし,57440,2019/03,2019/03
4459,写真なし,57442,2019/03,2019/03
4460,ありがとうございました。,57456,2019/03,2019/03
4461,目的地・出発地は駐停車可能な場所に設定をお願いいたします。また、シートベルトは乗車後速やかに、自発的に着用していただきますようお願い致します。,57461,2019/03,2019/03
4462,評価が相当遅れた,57464,2019/03,2019/03
4463,乗車時にドアをポールにぶつけ、キズがつく。しかし謝罪も無し。,57472,2019/03,2019/03
4466,ありがとうございました！次回からは翌日までを目処にお願いします！,57510,2019/03,2019/03
4470,出発地が明確でなく、おまけに変更されて場所へ行ったにも関わらず更に変更されそうになり、おまけに自分達の居場所も良くわかっていないようで、だいぶ待たされて最悪でした。きちんと出発地を設定してきちんと来てもらいたいですね。,57684,2019/03,2019/03
4475,"無料のタクシーと勘違いしています。
前回も2回謝礼 0 
マッチングしないように出来ますか？",57801,2019/03,2019/03
4478,写真ナシ、連絡応対なし、etc,57826,2019/03,2019/03
4479,"crewはドライバーとライダー相互の好意や善意により成り立つライドシェアサービスです。
ドライバーはマッチングリクエストの内容にそってライダーを目的までお乗せしますがcrewはタクシーではありません。
待合せ時間や車内の過ごし方などcrewがより便利で良いサービスになるようにライダーにもcrewコンセプトをご理解頂きご協力頂きたいと思います。",57879,2019/03,2019/03
4482,"人数が違っていて、一名途中下車。
こういう使いかたは今後されない方が良いです。",58133,2019/03,2019/03
4483,"crewはドライバーとライダー相互の善意や好意により成り立つライドシェアサービスであり、ライダー都合の送迎サービスではありません。
事前に利用方法及びサービスコンセプトをご理解の上ご利用ください。",58151,2019/03,2019/03
4484,ライダーの方に直接お話させていただきましたが、本来の行き先よりも手前の箇所を目的地とされていたので、ご自身の評価のためにもお止めになった方が良いとお伝えしました。,58161,2019/03,2019/03
4487,"crewはドライバーとライダー相互の善意や好意により成り立つライドシェアサービスであり、ライダー都合の送迎や運送サービスではありません。
業務用の荷物、特に食材などは車に臭いも残りますし汚れの原因になります。
またリクエスト時と人数が違うなど、非常に不愉快なドライブでした。",58196,2019/03,2019/03
4490,"crewはドライバーとライダー相互の善意・好意により成り立つライドシェアサービスであって、単なる送迎サービスではありませんしドライバーはタクシー運転手ではありません。crewサービスコンセプトをご理解の上ご利用ください。

また降車後にシートにゴミが残っていました。乗車する車はドライバーの所有車です。
希望目的地まで送迎した上に車を汚されては不愉快この上ありません。
車内の過ごし方なども含めて乗車マナーを守って乗車して下さい。",58285,2019/03,2019/03
4491,プロフィール画像未登録により、マッチング時にライダーさんの特定ができない。,58307,2019/03,2019/03
4494,実際の出発地がエリア外(上野駅)だから、ギリギリエリア内の場所を嘘の出発地として設定したとのこと。目的地も設定した場所とは異なっていた。普段は白タクを使っていると公言していた。確信犯かつ不適切な利用ユーザーです。 ,58370,2019/03,2019/03
4496,"ご事情もなく家近でのコンビニへの立ち寄りと５分以上のスタンバイ
１件目終了のあと同乗者の別ポイント(本件)への長距離リクエスト
(目的地付近の道も狭く、帰りの効率も良くないので個別案件なら取らない)
乗せてしまっている方なので断りにくい
",58383,2019/03,2019/03
4497,急ぐよう催促されたため,58386,2019/03,2019/03
4503,"乗車後に行き先変更。
自宅まで行きたかったが、グレードの距離が足りなかったため、とりあえず手前に目的地を設定したとのこと。",58638,2019/03,2019/03
4505,写真ナシ,58650,2019/03,2019/03
4508,写真がない,58817,2019/03,2019/03
4509,"目的地が狭い道の為、入る手前で良いか聞いたら結果的に行く事に。狭い道の場合入る手前でお願いしたいです。
",58823,2019/03,2019/03
4511,時間が経ちすぎて記憶が曖昧で、評価が付けづらいです,58882,2019/03,2019/03
4512,"crewはドライバーとライダー相互の好意や善意により成り立つライドシェアサービスです。
タクシーではありませんので車内の過ごし方などcrewがより便利で良いサービスになるようにライダーにもcrewコンセプトをご理解頂きご利用頂きたいと思います。",58914,2019/03,2019/03
4514,"crewはドライバーとライダー相互の好意や善意により成り立つライドシェアサービスです。
タクシーではありません。

待合せ時間や車内の過ごし方などcrewがより便利で良いサービスになるようにcrewコンセプトをご理解の上、ご利用頂きたいと思います。

また、目的地はリクエスト時に正確に入力下さい。急な変更はお断りする事もあります。",58947,2019/03,2019/03
4517,乗り逃げかと思うほど評価遅すぎる,59003,2019/03,2019/03
4524,人数の虚偽入力,59084,2019/03,2019/03
4525,経由地の指定。最初っから経由地を指定できるようにして欲しい。時間が無駄になる。,59089,2019/03,2019/03
4528,行き先近くの道が非常に狭く 通行不可を伝えて別の道へと言われたのですが、結局 自宅前まで 狭い道で誘導されました。,59119,2019/03,2019/03
4529,お迎えの場所が指定の場所とだいぶ違った,59156,2019/03,2019/03
4531,"乗車人数2人なので到着前に経由地があるかメッセージで確認をしたが、出発地に到着後、2人から4人乗車に変更を言い出す。
→断る

経由地で降りる際、ドアをガードレールにぶつけたが、あっと発しただけで、ごめんなさいも、傷の確認もない。

泥酔ではなく、しっかりとした足取り、アプリのやりとり、車内での同乗者との会話でした。

ありがとうとごめんなさいが言えない残念な人間です。",59210,2019/03,2019/03
4532,突然写真と違う方が無言で乗りこみ、横柄な態度で対応されました。ライダーと依頼者が異なっていたようです。,59219,2019/03,2019/03
4535,写真ナシ,59256,2019/03,2019/03
4536,写真ナシ,59257,2019/03,2019/03
4537,評価が遅い,59271,2019/03,2019/03
4539,写真なし。,59371,2019/03,2019/03
4545,"名前が記号
写真ナシ",59479,2019/03,2019/03
4548,狭い道を通るよう言われた…,59554,2019/03,2019/03
4549,駅を目的地にされていましたが、もう少し先でした。道順を説明できない可能性がある場合は是非目的地を正確にお願いします,59583,2019/03,2019/03
4550,乗った場所と下ろす場所が同じの設定になっていた,59597,2019/03,2019/03
4551,"crewは相互互助（善意・好意）により成り立つライドシェアサービスであって、単なる送迎サービスやタクシーではありません。
また車内はドライバーのプライベート空間であってライダーの空間ではありません。
車内の過ごし方や道案内の仕方にも問題を感じました。",59607,2019/03,2019/03
4556,写真が無い,59787,2019/03,2019/03
4557,写真が無い,59788,2019/03,2019/03
4559,"酔っていたせいか、乗ってすぐにアプリ操作なかなかせず何かを食べだしたうえに応対の言葉遣いがいいとは言えなかった。
グリーンではあったが、それに疑問を感じた。",59799,2019/03,2019/03
4561,"写真ナシ
評価遅れ",59802,2019/03,2019/03
4563,"車内で香水つける。道をわかっているが、おまかせになっているのに
指示してくる。目的地を正確にしてもらいたいです。",59907,2019/03,2019/03
4565,シートベルトは締めるのがルールだと思ってほしい,59947,2019/03,2019/03
4568,本人が先に下車して、友人を送る形だった。,60017,2019/03,2019/03
4570,"写真ない。
利益出るんですか？などと謝礼に関する話を聞き出そうとする行為が少しあった。",60097,2019/03,2019/03
4572,"crewはドライバーとライダー相互の好意・善意で成り立つライドシェアサービスであってタクシーではありません。
また車内はドライバーのプライベート空間です。
車内の過ごし方なども含め乗車マナー・crewコンセプトをご理解の上ご利用頂きたいと思います。
尚、経由地はドライバーの好意で対応するもので当たり前な事ではありません。",60111,2019/03,2019/03
4573,"crewはドライバーとライダー相互の好意・善意で成り立つライドシェアサービスであってタクシーではありません。
また車内はドライバーのプライベート空間です。
車内の過ごし方なども含め乗車マナー・crewコンセプトをご理解の上ご利用頂きたいと思います。",60115,2019/03,2019/03
4574,急な行き先変更,60121,2019/03,2019/03
4576,同乗者が酔っていてなかなか降りられなかったから,60139,2019/03,2019/03
4577,CREWのライダー以外の方が乗車されました。使い方多いに問題あり、到着後小1時間程待たされました。,60155,2019/03,2019/03
4578,"評価が遅い
到着通知に気づかれず待ちぼうけ
同乗者が大声で騒ぐ",60167,2019/03,2019/03
4580,"目的地が極狭の道でした。が、実際は違ったようです。
狭い道は嫌う人が多いので次回からは注意していただくと良いと思います。",60272,2019/03,2019/03
4584,"今行きますと言っているのに全く来ない
",60313,2019/03,2019/03
4588,"対応スピード
",60349,2019/03,2019/03
4596,"下北沢で乗ってもらったが
停車位置の前の道幅が
狭く、又、工事もあった為
往生した。安全に乗車できる
場所を指定していただきたい。",60549,2019/03,2019/03
4597,ちょっと怖い,60554,2019/03,2019/03
4599,当日中に評価が欲しかったです。,60573,2019/03,2019/03
4600,出発地の間違い,60579,2019/03,2019/03
4601,写真なし。,60580,2019/03,2019/03
4602,"目的地に着いても連絡が取れない。
電話が通じない。
評価が遅い。",60588,2019/03,2019/03
4606,プロフィール画像未登録により、マッチング時、乗車時にライダーさんの特定が困難となっている。,60621,2019/03,2019/03
4609,"儲かりますか？など、巧みに謝礼やお金の話をさせようと誘導している感を強く受ける、極めて異質なライダーです。
儲かりますか？に関しては、運営から厳しく禁止されていると説明したにも関わらず、食い下がってくると言う、これまでのライダーさんにはない、異常なリアクションであったり、遠くに行ったと言う話をした際も、帰りの高速代の話や、ともかくお金の話にしようとするので、やんわりとかわすのに苦労しました。
申し訳ありませんが、これ、噂のパトロールですよね？
私も利用停止にされるんでしょうか？

こんな会話を必死でかわしたのに、謝礼の話をした！利用停止だ！と言われたら、極めて不快ですね。

そうでないと信じたいところですが。",60718,2019/03,2019/03
4610,"2人乗りで経由地で1人下ろす形。
遠回りしました。",60750,2019/03,2019/03
4611,"乗車時に電池がもうないとの事で充電コードを案内しましたが、降車時に車内の充電コードをそのまま片付けもせず座席の上に放置したままそそくさと出て行ってしまったのは残念でした。
また降車時にドアを90ドアを全開まで開けていましたが、あれはドアを何かに当てて傷つける可能性のある行為なので人の車に乗るときにはやめてほしいです。",60785,2019/03,2019/03
4612,写真が無い,60786,2019/03,2019/03
4613,ピンの位置が変なところ,60797,2019/03,2019/03
4614,なし,60800,2019/03,2019/03
4616,おそらくリクエストした方と乗車した方が違う印象あり。,60807,2019/03,2019/03
4619,当日中に評価が欲しかったです。,60913,2019/03,2019/03
4620,タクシーではありません。,60933,2019/03,2019/03
4622,話が下品,60963,2019/03,2019/03
4627,"決済が遅い。
酔っていたのか、声がすごいでかい。",61053,2019/03,2019/03
4628,評価遅い,61057,2019/03,2019/03
4630,写真なし,61074,2019/03,2019/03
4631,写真なし,61076,2019/03,2019/03
4634,写真が無い,61180,2019/03,2019/03
4635,写真が無い,61182,2019/03,2019/03
4641,終始お客様というような態度に感じたので互助のサービスは利用しない方がよいかただと感じました。またマッチングしてから降車まで急いでくださいを連呼していたのも気になります。急ぎならタクシーを使って欲しかったです。,61293,2019/03,2019/03
4642,写真なし,61303,2019/03,2019/03
4643,評価、決済の放置,61308,2019/03,2019/03
4647,お世話になり、ありがとうございました。プロフィール画像未登録により、マッチング時、乗車時にライダーさんの特定が困難となっております。次回は是非、ご登録の上ご利用いただければ幸いです。,61519,2019/03,2019/03
4649,"車内で、有料チップをともなう配信サイトの生配信をされました。
断ると、そのまま悪評価されそうだったので、そのまま送り届けましたが、こういう利用方法は、マナー違反ではないでしょうか？
よって、最低評価とさせていただきます。",61586,2019/03,2019/03
4650,"体調もあると思うが、危うく車内で吐かれるところだった。

非常用に常備していた水を渡してなんとか難を逃れたのですが、乗車前にライダーの飲酒の度合いが予めわかるアンケートフォームを挟めないでしょうか？
こちらとしても当日、準備があれば乗せますし、準備ができてない時はお断りすることもできます。",61591,2019/03,2019/03
4651,車内でなくてもかまいませんが、降りたらすぐに評価と精算をお願いしたいです,61650,2019/03,2019/03
4652,評価と精算遅れのため-1してます,61671,2019/03,2019/03
4653,"写真なし
ドライブ中、ドライバーに対して気遣いがない。
クルーはタクシーではない。",61674,2019/03,2019/03
4656,目的地付近が侵入禁止路だったので、少し遠回りになる迂回路から向かっておりましたが、最も短距離になる侵入禁止路から向かうよう指示されました。少し酒臭かったので、断るのも怖く、指示に従いました。,61859,2019/03,2019/03
4663,"出発地と目的地が逆で、出発地についた後に恵比寿駅まで迎えに行く事になった。
また、車内で別れ話が始まり二時間半付き合う事になった。",61967,2019/03,2019/03
4664,"車内で暴れる、騒々しくて運転に集中できません。
タクシーではないので、好き放題するようなライダーは、利用すべきではないと考えます。",62005,2019/03,2019/03
4665,出発地の変更、目的地の変更、到着通知から30分以上待たされた。,62041,2019/03,2019/03
4667,"評価遅れ
乗車人数増加事前申告なし",62044,2019/03,2019/03
4668,指定場所が異なった点と車内飲食。,62046,2019/03,2019/03
4670,評価は、早めにお願い致します,62083,2019/03,2019/03
4671,"狭い道に、入るなら
事前に伝えてほしい。
広い道まででるまで
大変だった。

この方々に限らず
若いライダーにこの傾向が
多い。

私たちはタクシーではない。
注意喚起がなされないようで
あれば、監督官庁に
本サービスの実態
(ほとんど白タクののりで
乗車する族が多いということ)
の報告も含め、相談させて
頂きます‼️",62087,2019/03,2019/03
4672,乗車時の『よろしく』のみ、出発直後から突如何かの動画を大音量で見出してコミュニケーションを取る気持ちがない。到着時も『ここでいいです』のみで『ありがとう』の一言もない。ライドシェアをタクシーと思っているのでは。タクシーだって普通降りるとき『ありがとう』は言いますよね。,62132,2019/03,2019/03
4673,まず、到着が遅れたことについてなぜ遅れたかを説明させられました。さらに、急いでいるので早く出して、行き先が変わったからナビ入れ直せ、信号待ちしている間に入力しろ、など急いでいるとはいえ、ひどすぎる。そんなに急ぐならプロのタクシーを呼ぶべきです。,62191,2019/03,2019/03
4676,わずか数メートルの距離のために滅茶苦茶狭い道へ入るよう指示された。互助モビリティ。歩けと言いたい。,62286,2019/04,2019/04
4679,"crewは安さをウリにしたサービスではありません。
サービスの主旨やコンセプトを理解した上でご利用下さい。",62340,2019/04,2019/04
4682,ライドから評価まで時間が経過した,62486,2019/04,2019/04
4683,"評価遅れ。
",62492,2019/04,2019/04
4684,評価遅れ,62494,2019/04,2019/04
4685,"ピンの位置と来て欲しい場所が異なった。
土地勘ある場所だったので問題なかったですが、到着まで10分は費やした。",62496,2019/04,2019/04
4686,最低でした。,62506,2019/04,2019/04
4687,終始ほぼ無言で無愛想。爆睡してドアにヨダレを垂らされる。寝ぼけてるのか酔っ払ってるのか知らないがシートを蹴ってきたり走行中ドアを開けようとしてくる。安全なライドが出来ない。二度と乗せたくない。,62513,2019/04,2019/04
4690,我々ドライバーはタクシードライバーではありません。タクシーと同じような利用をされるのでは、タクシーを使われてはいかがでしょうか。,62559,2019/04,2019/04
4692,靴下を脱ぎ出し足の裏を触って車内を触る,62623,2019/04,2019/04
4697,"お弁当食べて良いかとの確認をしてくれたまでは良かったが、こぼさないで下さいと注意していたにもかかわらず、ご飯粒いっぱい落としていった。
非常に残念。",62705,2019/04,2019/04
4698,断りなく飲食,62723,2019/04,2019/04
4699,"具合の悪い友人を気遣ってCrewで車を呼んだのだと思いますが、申し訳ないのですが、具合の悪い方がいる場合は利用をご遠慮下さい。
",62724,2019/04,2019/04
4702,全体的に態度が横暴であり、ドライブを楽しむ感じではありませんでした。,62759,2019/04,2019/04
4703,お二人での乗車で経由地あり。最終目的地に向かうライダーはアプリ未所持でした。,62791,2019/04,2019/04
4704,ペットボトルのお茶を座席にこぼされた 申告なし,62816,2019/04,2019/04
4705,"ずっとスマホを操作されていて、会話はほぼありませんでした。
動画を見ていたのか、音量もそれなりに大きて目でした。",62819,2019/04,2019/04
4708,待ち時間が長かったです,62948,2019/04,2019/04
4709,写真なし,62998,2019/04,2019/04
4710,一ヶ月程前のライドに関わらず、評価頂けてなかった為。,63003,2019/04,2019/04
4711,タバコ臭い,63049,2019/04,2019/04
4712,評価を車内でいただくことができませんでした。,63059,2019/04,2019/04
4714,酔って絡んできました,63185,2019/04,2019/04
4716,"事前に遅れる旨の連絡はあったのですが、２０分近く遅れてきました。
また、乗車中、マスクをしないでずっと咳き込んでいて、かなり嫌な空間でした。
冷え込んでいたので、窓を開けるわけにもいかないので…",63221,2019/04,2019/04
4717,シートベルトを着用していただけなかったため。,63226,2019/04,2019/04
4719,"人数増加
経由地あり
ライド途中終了",63240,2019/04,2019/04
4720,"写真なし
評価遅れ
名前がイニシャルに変わった",63241,2019/04,2019/04